SEF	1.0.0
ID	Bahía_Blanca
Name	Bahía Blanca
Lat	-38.717
Lon	-62.267
Alt	13.4
Source	UTN_ACRE
Link	NA
Vbl	ta
Stat	point
Units	C
Meta	
Year	Month	Day	Hour	Minute	Period	Value	Meta
1861	8	21	NA	NA	0	14	
1861	8	22	NA	NA	0	10.7	
1861	8	23	NA	NA	0	10.7	
1861	8	24	NA	NA	0	10.7	
1861	8	25	NA	NA	0	15	
1861	8	NA	NA	NA	0	-	
1861	8	27	NA	NA	0	13.7	
1861	8	28	NA	NA	0	11.3	
1861	8	29	NA	NA	0	12.7	
1861	8	30	NA	NA	0	12.7	
1861	8	31	NA	NA	0	15.3	
1864	12	NA	NA	NA	0	NW. NW. W.	
1864	12	NA	NA	NA	0	SW. SE. SE.	
1864	12	NA	NA	NA	0	W. E. E.	
1864	12	NA	NA	NA	0	W. SW. SE.	
1864	12	NA	NA	NA	0	W. W. W.	
1864	12	NA	NA	NA	0	W. W. NW.	
1864	12	NA	NA	NA	0	W. NW. NW.	
1864	12	NA	NA	NA	0	WNW. SW. SE.	
1864	12	NA	NA	NA	0	NW. SW. NW.	
1864	12	NA	NA	NA	0	W. S. N.	
1864	12	NA	NA	NA	0	S. S. SE.	
1864	12	NA	NA	NA	0	SW. NW. N.	
1864	12	NA	NA	NA	0	N. NW. N.	
1864	12	NA	NA	NA	0	N. NW. NW	
1864	12	NA	NA	NA	0	N. E. E.	
1864	12	NA	NA	NA	0	N. N. NE.	
1864	12	NA	NA	NA	0	NW. SE. SE.	
1864	12	NA	NA	NA	0	N. NW. NNW.	
1864	12	NA	NA	NA	0	NNW. NW. N.	
1864	12	NA	NA	NA	0	NW. N. NNW.	
1864	12	NA	NA	NA	0	NW. N. N.	
1864	12	NA	NA	NA	0	NW. NNW. NNW.	
1864	12	NA	NA	NA	0	W. W. NW.	
1864	12	NA	NA	NA	0	NNW. W. SE.	
1873	9	1	NA	NA	0	5.14	
1873	9	2	NA	NA	0	6.6	
1873	9	3	NA	NA	0	8.24	
1873	9	4	NA	NA	0	9.11	
1873	9	5	NA	NA	0	9.24	
1873	9	6	NA	NA	0	10.45	
1873	9	7	NA	NA	0	11.91	
1873	9	8	NA	NA	0	10.6	
1873	9	9	NA	NA	0	10.220000000000001	
1873	9	11	NA	NA	0	8.84	
1873	9	12	NA	NA	0	6.36	
1873	9	13	NA	NA	0	7.63	
1873	9	14	NA	NA	0	8.27	
1873	9	15	NA	NA	0	8.43	
1873	9	16	NA	NA	0	9.3699999999999992	
1873	9	17	NA	NA	0	7.85	
1873	9	18	NA	NA	0	8.9499999999999993	
1873	9	19	NA	NA	0	12.77	
1873	9	21	NA	NA	0	7.84	
1873	9	22	NA	NA	0	6.75	
1873	9	23	NA	NA	0	7.17	
1873	9	24	NA	NA	0	7.24	
1873	9	25	NA	NA	0	8.06	
1873	9	26	NA	NA	0	9.9	
1873	9	27	NA	NA	0	7.3	
1873	9	28	NA	NA	0	5.49	
1873	9	29	NA	NA	0	7.26	
1873	9	30	NA	NA	0	7.12	
1873	10	1	NA	NA	0	4.3099999999999996	
1873	10	2	NA	NA	0	5.38	
1873	10	3	NA	NA	0	6.2	
1873	10	4	NA	NA	0	4.8899999999999997	
1873	10	5	NA	NA	0	4.7699999999999996	
1873	10	6	NA	NA	0	5.68	
1873	10	7	NA	NA	0	8.01	
1873	10	8	NA	NA	0	9.41	
1873	10	9	NA	NA	0	7.39	
1873	10	11	NA	NA	0	9.86	
1873	10	12	NA	NA	0	11.13	
1873	10	13	NA	NA	0	8.4700000000000006	
1873	10	14	NA	NA	0	5	
1873	10	15	NA	NA	0	7.86	
1873	10	16	NA	NA	0	11.04	
1873	10	17	NA	NA	0	10.86	
1873	10	18	NA	NA	0	12.5	
1873	10	19	NA	NA	0	10.4	
1873	10	21	NA	NA	0	8.49	
1873	10	22	NA	NA	0	12.42	
1873	10	23	NA	NA	0	12.92	
1873	10	24	NA	NA	0	11.58	
1873	10	25	NA	NA	0	7.96	
1873	10	26	NA	NA	0	7.05	
1873	10	27	NA	NA	0	7.26	
1873	10	28	NA	NA	0	7.72	
1873	10	29	NA	NA	0	7.98	
1873	10	30	NA	NA	0	9.01	
1873	11	1	NA	NA	0	7.84	
1873	11	2	NA	NA	0	9.23	
1873	11	3	NA	NA	0	11.84	
1873	11	4	NA	NA	0	9.34	
1873	11	5	NA	NA	0	9.34	
1873	11	6	NA	NA	0	7.84	
1873	11	7	NA	NA	0	8.33	
1873	11	8	NA	NA	0	16.260000000000002	
1873	11	9	NA	NA	0	13.27	
1873	11	11	NA	NA	0	14.08	
1873	11	12	NA	NA	0	10	
1873	11	13	NA	NA	0	10.59	
1873	11	14	NA	NA	0	7.61	
1873	11	15	NA	NA	0	9.66	
1873	11	16	NA	NA	0	10.16	
1873	11	17	NA	NA	0	11.59	
1873	11	18	NA	NA	0	12.51	
1873	11	19	NA	NA	0	8.84	
1873	11	21	NA	NA	0	5.66	
1873	11	22	NA	NA	0	10.119999999999999	
1873	11	23	NA	NA	0	12.83	
1873	11	24	NA	NA	0	13.28	
1873	11	25	NA	NA	0	15.61	
1873	11	26	NA	NA	0	11.35	
1873	11	27	NA	NA	0	10.76	
1873	11	28	NA	NA	0	10.94	
1873	11	29	NA	NA	0	15.33	
1873	11	30	NA	NA	0	12.45	
1873	12	1	NA	NA	0	17.059999999999999	
1873	12	2	NA	NA	0	18.79	
1873	12	3	NA	NA	0	10.56	
1873	12	4	NA	NA	0	11.01	
1873	12	5	NA	NA	0	13.05	
1873	12	6	NA	NA	0	15.1	
1873	12	7	NA	NA	0	11.93	
1873	12	8	NA	NA	0	12.96	
1873	12	9	NA	NA	0	12.79	
1873	12	11	NA	NA	0	12.61	
1873	12	12	NA	NA	0	10.57	
1873	12	13	NA	NA	0	13.17	
1873	12	14	NA	NA	0	16.05	
1873	12	15	NA	NA	0	14.07	
1873	12	16	NA	NA	0	11.81	
1873	12	17	NA	NA	0	11.24	
1873	12	18	NA	NA	0	11.45	
1873	12	19	NA	NA	0	14.65	
1873	12	21	NA	NA	0	14.24	
1873	12	22	NA	NA	0	11.65	
1873	12	23	NA	NA	0	11.96	
1873	12	24	NA	NA	0	12.64	
1873	12	25	NA	NA	0	15.39	
1873	12	26	NA	NA	0	21.7	
1873	12	27	NA	NA	0	19.22	
1873	12	28	NA	NA	0	18.079999999999998	
1873	12	29	NA	NA	0	10.74	
1873	12	30	NA	NA	0	13.59	
1874	1	1	NA	NA	0	16.37	
1874	1	2	NA	NA	0	14.67	
1874	1	3	NA	NA	0	15.3	
1874	1	4	NA	NA	0	13.99	
1874	1	5	NA	NA	0	15.62	
1874	1	6	NA	NA	0	19.02	
1874	1	7	NA	NA	0	15.95	
1874	1	8	NA	NA	0	12.85	
1874	1	9	NA	NA	0	10.91	
1874	1	11	NA	NA	0	22.01	
1874	1	12	NA	NA	0	20.58	
1874	1	13	NA	NA	0	17.29	
1874	1	14	NA	NA	0	13.05	
1874	1	15	NA	NA	0	15.61	
1874	1	16	NA	NA	0	18.399999999999999	
1874	1	17	NA	NA	0	14.92	
1874	1	18	NA	NA	0	20.61	
1874	1	19	NA	NA	0	17.5	
1874	1	21	NA	NA	0	14.8	
1874	1	22	NA	NA	0	19.45	
1874	1	23	NA	NA	0	17.760000000000002	
1874	1	24	NA	NA	0	16.260000000000002	
1874	1	25	NA	NA	0	21.96	
1874	1	26	NA	NA	0	27.83	
1874	1	27	NA	NA	0	20.260000000000002	
1874	1	28	NA	NA	0	11.95	
1874	1	29	NA	NA	0	12.72	
1874	1	30	NA	NA	0	13.65	
1874	2	1	NA	NA	0	17.239999999999998	
1874	2	2	NA	NA	0	18.28	
1874	2	3	NA	NA	0	15.73	
1874	2	4	NA	NA	0	14.98	
1874	2	5	NA	NA	0	20.39	
1874	2	6	NA	NA	0	19.760000000000002	
1874	2	7	NA	NA	0	12.09	
1874	2	8	NA	NA	0	9.7200000000000006	
1874	2	9	NA	NA	0	12.29	
1874	2	11	NA	NA	0	15	
1874	2	12	NA	NA	0	17.36	
1874	2	13	NA	NA	0	18.23	
1874	2	14	NA	NA	0	18.13	
1874	2	15	NA	NA	0	19.62	
1874	2	16	NA	NA	0	15.49	
1874	2	17	NA	NA	0	16.739999999999998	
1874	2	18	NA	NA	0	16.329999999999998	
1874	2	19	NA	NA	0	17.350000000000001	
1874	2	21	NA	NA	0	16.03	
1874	2	22	NA	NA	0	14.48	
1874	2	23	NA	NA	0	12.15	
1874	2	24	NA	NA	0	16.190000000000001	
1874	2	25	NA	NA	0	14.68	
1874	2	26	NA	NA	0	12.13	
1874	2	27	NA	NA	0	15.15	
1874	2	28	NA	NA	0	16.77	
1874	3	1	NA	NA	0	11.83	
1874	3	2	NA	NA	0	8.24	
1874	3	3	NA	NA	0	7.65	
1874	3	4	NA	NA	0	7.68	
1874	3	5	NA	NA	0	7.89	
1874	3	6	NA	NA	0	8.85	
1874	3	7	NA	NA	0	6.88	
1874	3	8	NA	NA	0	5.81	
1874	3	9	NA	NA	0	6.94	
1874	3	11	NA	NA	0	9.26	
1874	3	12	NA	NA	0	7.84	
1874	3	13	NA	NA	0	6.65	
1874	3	14	NA	NA	0	7.04	
1874	3	15	NA	NA	0	6.17	
1874	3	16	NA	NA	0	9.1300000000000008	
1874	3	17	NA	NA	0	7.03	
1874	3	18	NA	NA	0	6.75	
1874	3	19	NA	NA	0	8.26	
1874	3	21	NA	NA	0	8.9499999999999993	
1874	3	22	NA	NA	0	10.08	
1874	3	23	NA	NA	0	6.69	
1874	3	24	NA	NA	0	12.45	
1874	3	25	NA	NA	0	10.039999999999999	
1874	3	26	NA	NA	0	7.79	
1874	3	27	NA	NA	0	10.51	
1874	3	28	NA	NA	0	11.79	
1874	4	1	NA	NA	0	8.82	
1874	4	2	NA	NA	0	7.65	
1874	4	3	NA	NA	0	6.28	
1874	4	4	NA	NA	0	4.79	
1874	4	5	NA	NA	0	5.15	
1874	4	6	NA	NA	0	8.44	
1874	4	7	NA	NA	0	9.52	
1874	4	8	NA	NA	0	10.050000000000001	
1874	4	9	NA	NA	0	8.49	
1874	4	11	NA	NA	0	9.34	
1874	4	12	NA	NA	0	10.88	
1874	4	13	NA	NA	0	8.93	
1874	4	14	NA	NA	0	10.62	
1874	4	15	NA	NA	0	6.79	
1874	4	16	NA	NA	0	7	
1874	4	17	NA	NA	0	6.13	
1874	4	18	NA	NA	0	8.5	
1874	4	19	NA	NA	0	7.8	
1874	4	21	NA	NA	0	6.81	
1874	4	22	NA	NA	0	4.76	
1874	4	23	NA	NA	0	6.35	
1874	4	24	NA	NA	0	5.88	
1874	4	25	NA	NA	0	6.32	
1874	4	26	NA	NA	0	5.98	
1874	4	27	NA	NA	0	7.08	
1874	4	28	NA	NA	0	7.75	
1874	4	29	NA	NA	0	8.91	
1874	4	30	NA	NA	0	11.13	
1874	5	1	NA	NA	0	7.28	
1874	5	2	NA	NA	0	5.62	
1874	5	3	NA	NA	0	6.26	
1874	5	4	NA	NA	0	7.14	
1874	5	5	NA	NA	0	10.67	
1874	5	6	NA	NA	0	8.3699999999999992	
1874	5	7	NA	NA	0	8.85	
1874	5	8	NA	NA	0	10.51	
1874	5	9	NA	NA	0	10.87	
1874	5	11	NA	NA	0	5.23	
1874	5	12	NA	NA	0	4.68	
1874	5	13	NA	NA	0	5.12	
1874	5	14	NA	NA	0	6.13	
1874	5	15	NA	NA	0	7.12	
1874	5	16	NA	NA	0	7.06	
1874	5	17	NA	NA	0	6.87	
1874	5	18	NA	NA	0	5.8	
1874	5	19	NA	NA	0	6.25	
1874	5	21	NA	NA	0	7.91	
1874	5	22	NA	NA	0	5.74	
1874	5	23	NA	NA	0	6.83	
1874	5	24	NA	NA	0	6.22	
1874	5	25	NA	NA	0	6.72	
1874	5	26	NA	NA	0	5.25	
1874	5	27	NA	NA	0	5.36	
1874	5	28	NA	NA	0	5.65	
1874	5	29	NA	NA	0	5.27	
1874	5	30	NA	NA	0	6.41	
1874	6	1	NA	NA	0	5.88	
1874	6	2	NA	NA	0	7.28	
1874	6	3	NA	NA	0	8.18	
1874	6	4	NA	NA	0	6.79	
1874	6	5	NA	NA	0	6.89	
1874	6	6	NA	NA	0	7.64	
1874	6	7	NA	NA	0	8.31	
1874	6	8	NA	NA	0	9.31	
1874	6	9	NA	NA	0	10.3	
1874	6	11	NA	NA	0	6.24	
1874	6	12	NA	NA	0	6.92	
1874	6	13	NA	NA	0	6.41	
1874	6	14	NA	NA	0	5.82	
1874	6	15	NA	NA	0	5.38	
1874	6	16	NA	NA	0	5.14	
1874	6	17	NA	NA	0	5.73	
1874	6	18	NA	NA	0	5.85	
1874	6	19	NA	NA	0	7.3	
1874	6	21	NA	NA	0	6.63	
1874	6	22	NA	NA	0	7.54	
1874	6	23	NA	NA	0	6.4	
1874	6	24	NA	NA	0	6.1	
1874	6	25	NA	NA	0	6.22	
1874	6	26	NA	NA	0	6.38	
1874	6	27	NA	NA	0	7.37	
1874	6	28	NA	NA	0	8.5399999999999991	
1874	6	29	NA	NA	0	8.92	
1874	6	30	NA	NA	0	8.82	
1874	7	1	NA	NA	0	7.66	
1874	7	2	NA	NA	0	5.88	
1874	7	3	NA	NA	0	7.52	
1874	7	4	NA	NA	0	5.79	
1874	7	5	NA	NA	0	4.3099999999999996	
1874	7	6	NA	NA	0	5.96	
1874	7	7	NA	NA	0	5.74	
1874	7	8	NA	NA	0	6.13	
1874	7	9	NA	NA	0	6.07	
1874	7	11	NA	NA	0	4.5999999999999996	
1874	7	12	NA	NA	0	5.47	
1874	7	13	NA	NA	0	5.94	
1874	7	14	NA	NA	0	7.33	
1874	7	15	NA	NA	0	8.9	
1874	7	16	NA	NA	0	4.8099999999999996	
1874	7	17	NA	NA	0	5.32	
1874	7	18	NA	NA	0	4.51	
1874	7	19	NA	NA	0	5.84	
1874	7	21	NA	NA	0	5.89	
1874	7	22	NA	NA	0	6.13	
1874	7	23	NA	NA	0	7.29	
1874	7	24	NA	NA	0	4.96	
1874	7	25	NA	NA	0	4.9800000000000004	
1874	7	26	NA	NA	0	5.3	
1874	7	27	NA	NA	0	6.26	
1874	7	28	NA	NA	0	6.99	
1874	7	29	NA	NA	0	9.42	
1874	7	30	NA	NA	0	9.17	
1874	8	1	NA	NA	0	9.83	
1874	8	2	NA	NA	0	7.59	
1874	8	3	NA	NA	0	8.52	
1874	8	4	NA	NA	0	12.39	
1874	8	5	NA	NA	0	10.1	
1874	8	6	NA	NA	0	10.54	
1874	8	7	NA	NA	0	10.47	
1874	8	8	NA	NA	0	6.56	
1874	8	9	NA	NA	0	6.46	
1874	8	11	NA	NA	0	5.16	
1874	8	12	NA	NA	0	4.71	
1874	8	13	NA	NA	0	5.62	
1874	8	14	NA	NA	0	5.41	
1874	8	15	NA	NA	0	7.26	
1874	8	16	NA	NA	0	4.6399999999999997	
1874	8	17	NA	NA	0	4.03	
1874	8	18	NA	NA	0	4.74	
1874	8	19	NA	NA	0	5.0199999999999996	
1874	8	21	NA	NA	0	7.51	
1874	8	22	NA	NA	0	6.53	
1874	8	23	NA	NA	0	7.48	
1874	8	24	NA	NA	0	8.6199999999999992	
1874	8	25	NA	NA	0	10.41	
1874	8	26	NA	NA	0	8.92	
1874	8	27	NA	NA	0	7.43	
1874	8	28	NA	NA	0	6.13	
1874	8	29	NA	NA	0	8.02	
1874	8	30	NA	NA	0	9.92	
1874	9	1	NA	NA	0	7.13	
1874	9	2	NA	NA	0	4.2	
1874	9	3	NA	NA	0	7.1	
1874	9	4	NA	NA	0	5.34	
1874	9	5	NA	NA	0	4.42	
1874	9	6	NA	NA	0	3.16	
1874	9	7	NA	NA	0	4.57	
1874	9	8	NA	NA	0	6.15	
1874	9	9	NA	NA	0	7.17	
1874	9	11	NA	NA	0	9.8000000000000007	
1874	9	12	NA	NA	0	7.66	
1874	9	13	NA	NA	0	6.8	
1874	9	14	NA	NA	0	5.83	
1874	9	15	NA	NA	0	8.08	
1874	9	16	NA	NA	0	5.94	
1874	9	17	NA	NA	0	6.68	
1874	9	18	NA	NA	0	6.06	
1874	9	19	NA	NA	0	8.2200000000000006	
1874	9	21	NA	NA	0	7.47	
1874	9	22	NA	NA	0	6.57	
1874	9	23	NA	NA	0	5.15	
1874	9	24	NA	NA	0	5.83	
1874	9	25	NA	NA	0	6.35	
1874	9	26	NA	NA	0	3.32	
1874	9	27	NA	NA	0	3.91	
1874	9	28	NA	NA	0	7.2	
1874	9	29	NA	NA	0	8.2200000000000006	
1874	9	30	NA	NA	0	5.56	
1874	10	1	NA	NA	0	5.4	
1874	10	2	NA	NA	0	5.99	
1874	10	3	NA	NA	0	7.33	
1874	10	4	NA	NA	0	7.57	
1874	10	5	NA	NA	0	9.6	
1874	10	6	NA	NA	0	5.94	
1874	10	7	NA	NA	0	9.19	
1874	10	8	NA	NA	0	9.83	
1874	10	9	NA	NA	0	4.18	
1874	10	11	NA	NA	0	8.44	
1874	10	12	NA	NA	0	9.51	
1874	10	13	NA	NA	0	7.94	
1874	10	14	NA	NA	0	6.91	
1874	10	15	NA	NA	0	5.83	
1874	10	16	NA	NA	0	5.3	
1874	10	17	NA	NA	0	6.21	
1874	10	18	NA	NA	0	5.98	
1874	10	19	NA	NA	0	6.68	
1874	10	21	NA	NA	0	5.74	
1874	10	22	NA	NA	0	6.53	
1874	10	23	NA	NA	0	7.31	
1874	10	24	NA	NA	0	8.81	
1874	10	25	NA	NA	0	11.7	
1874	10	26	NA	NA	0	8.2899999999999991	
1874	10	27	NA	NA	0	7.99	
1874	10	28	NA	NA	0	7.02	
1874	10	29	NA	NA	0	7.99	
1874	10	30	NA	NA	0	9.64	
1874	11	1	NA	NA	0	9.4600000000000009	
1874	11	2	NA	NA	0	7.28	
1874	11	3	NA	NA	0	5.35	
1874	11	4	NA	NA	0	6.49	
1874	11	5	NA	NA	0	7.99	
1874	11	6	NA	NA	0	9.5299999999999994	
1874	11	7	NA	NA	0	11.1	
1874	11	8	NA	NA	0	6.7	
1874	11	9	NA	NA	0	7.55	
1874	11	11	NA	NA	0	11.94	
1874	11	12	NA	NA	0	9.83	
1874	11	13	NA	NA	0	12.94	
1874	11	14	NA	NA	0	8.33	
1874	11	15	NA	NA	0	7.05	
1874	11	16	NA	NA	0	9.26	
1874	11	17	NA	NA	0	10.42	
1874	11	18	NA	NA	0	10.41	
1874	11	19	NA	NA	0	12.65	
1874	11	21	NA	NA	0	12	
1874	11	22	NA	NA	0	9.15	
1874	11	23	NA	NA	0	11.27	
1874	11	24	NA	NA	0	11.07	
1874	11	25	NA	NA	0	7.59	
1874	11	26	NA	NA	0	8.9499999999999993	
1874	11	27	NA	NA	0	13.51	
1874	11	28	NA	NA	0	13.87	
1874	11	29	NA	NA	0	6.97	
1874	11	30	NA	NA	0	10.42	
1874	12	1	NA	NA	0	5.57	
1874	12	2	NA	NA	0	5.82	
1874	12	3	NA	NA	0	7.8	
1874	12	4	NA	NA	0	9.64	
1874	12	5	NA	NA	0	12.99	
1874	12	6	NA	NA	0	13.33	
1874	12	7	NA	NA	0	12.42	
1874	12	8	NA	NA	0	12.14	
1874	12	9	NA	NA	0	7.86	
1874	12	11	NA	NA	0	9.41	
1874	12	12	NA	NA	0	13.08	
1874	12	13	NA	NA	0	14.11	
1874	12	14	NA	NA	0	13.3	
1874	12	15	NA	NA	0	11.72	
1874	12	16	NA	NA	0	10.07	
1874	12	17	NA	NA	0	11.32	
1874	12	18	NA	NA	0	8.31	
1874	12	19	NA	NA	0	8.1300000000000008	
1874	12	21	NA	NA	0	5.92	
1874	12	22	NA	NA	0	5.36	
1874	12	23	NA	NA	0	6.55	
1874	12	24	NA	NA	0	6.52	
1874	12	25	NA	NA	0	5.52	
1874	12	26	NA	NA	0	7.96	
1874	12	27	NA	NA	0	11.26	
1874	12	28	NA	NA	0	10.65	
1874	12	29	NA	NA	0	12.86	
1874	12	30	NA	NA	0	14.9	
1875	1	1	NA	NA	0	9.73	
1875	1	2	NA	NA	0	9.11	
1875	1	3	NA	NA	0	10.78	
1875	1	4	NA	NA	0	14.35	
1875	1	5	NA	NA	0	11.2	
1875	1	6	NA	NA	0	6.78	
1875	1	7	NA	NA	0	13.14	
1875	1	8	NA	NA	0	11.05	
1875	1	9	NA	NA	0	9.98	
1875	1	11	NA	NA	0	14.06	
1875	1	12	NA	NA	0	14.83	
1875	1	13	NA	NA	0	11.18	
1875	1	14	NA	NA	0	15.9	
1875	1	15	NA	NA	0	13.52	
1875	1	16	NA	NA	0	13.43	
1875	1	17	NA	NA	0	15.77	
1875	1	18	NA	NA	0	15.05	
1875	1	19	NA	NA	0	17.260000000000002	
1875	1	21	NA	NA	0	23.56	
1875	1	22	NA	NA	0	20.22	
1875	1	23	NA	NA	0	11.57	
1875	1	24	NA	NA	0	17.22	
1875	1	25	NA	NA	0	11.86	
1875	1	26	NA	NA	0	16.850000000000001	
1875	1	27	NA	NA	0	18.399999999999999	
1875	1	28	NA	NA	0	15.53	
1875	1	29	NA	NA	0	14.09	
1875	1	30	NA	NA	0	23.17	
1875	2	1	NA	NA	0	18.059999999999999	
1875	2	2	NA	NA	0	18.87	
1875	2	3	NA	NA	0	16.23	
1875	2	4	NA	NA	0	11.18	
1875	2	5	NA	NA	0	11.08	
1875	2	6	NA	NA	0	13.69	
1875	2	7	NA	NA	0	11.28	
1875	2	8	NA	NA	0	15.08	
1875	2	9	NA	NA	0	18.66	
1875	2	11	NA	NA	0	14.91	
1875	2	12	NA	NA	0	13.25	
1875	2	13	NA	NA	0	14.1	
1875	2	14	NA	NA	0	14.79	
1875	2	15	NA	NA	0	13.76	
1875	2	16	NA	NA	0	12.86	
1875	2	17	NA	NA	0	14.9	
1875	2	18	NA	NA	0	19.64	
1875	2	19	NA	NA	0	14.87	
1875	2	21	NA	NA	0	17.809999999999999	
1875	2	22	NA	NA	0	12.11	
1875	2	23	NA	NA	0	7.2	
1875	2	24	NA	NA	0	7.43	
1875	2	25	NA	NA	0	11.92	
1875	2	26	NA	NA	0	16.66	
1875	2	27	NA	NA	0	16.48	
1875	2	28	NA	NA	0	13.08	
1875	3	1	NA	NA	0	13.39	
1875	3	2	NA	NA	0	10.56	
1875	3	3	NA	NA	0	11.47	
1875	3	4	NA	NA	0	8.36	
1875	3	5	NA	NA	0	6.57	
1875	3	6	NA	NA	0	8.09	
1875	3	7	NA	NA	0	8.8699999999999992	
1875	3	8	NA	NA	0	10.11	
1875	3	9	NA	NA	0	10.52	
1875	3	11	NA	NA	0	6.12	
1875	3	12	NA	NA	0	7.02	
1875	3	13	NA	NA	0	7.02	
1875	3	14	NA	NA	0	9.42	
1875	3	15	NA	NA	0	11.25	
1875	3	16	NA	NA	0	10.96	
1875	3	17	NA	NA	0	9.44	
1875	3	18	NA	NA	0	9.4499999999999993	
1875	3	19	NA	NA	0	8.7899999999999991	
1875	3	21	NA	NA	0	10.91	
1875	3	22	NA	NA	0	8.5299999999999994	
1875	3	23	NA	NA	0	5.83	
1875	3	24	NA	NA	0	5.81	
1875	3	25	NA	NA	0	5.49	
1875	3	26	NA	NA	0	8.0500000000000007	
1875	3	27	NA	NA	0	8.4499999999999993	
1875	3	28	NA	NA	0	10.02	
1875	4	1	NA	NA	0	8.91	
1875	4	2	NA	NA	0	8.32	
1875	4	3	NA	NA	0	7.41	
1875	4	4	NA	NA	0	6.49	
1875	4	5	NA	NA	0	9.56	
1875	4	6	NA	NA	0	6.14	
1875	4	7	NA	NA	0	7.1	
1875	4	8	NA	NA	0	6.18	
1875	4	9	NA	NA	0	8.42	
1875	4	11	NA	NA	0	6.72	
1875	4	12	NA	NA	0	5.36	
1875	4	13	NA	NA	0	6.15	
1875	4	14	NA	NA	0	5.97	
1875	4	15	NA	NA	0	6.89	
1875	4	16	NA	NA	0	7.84	
1875	4	17	NA	NA	0	8.91	
1875	4	18	NA	NA	0	6.49	
1875	4	19	NA	NA	0	7.38	
1875	4	21	NA	NA	0	8.11	
1875	4	22	NA	NA	0	7.36	
1875	4	23	NA	NA	0	5.59	
1875	4	24	NA	NA	0	5.09	
1875	4	25	NA	NA	0	4.84	
1875	4	26	NA	NA	0	4.88	
1875	4	27	NA	NA	0	5.98	
1875	4	28	NA	NA	0	5.58	
1875	4	29	NA	NA	0	7.32	
1875	4	30	NA	NA	0	5.72	
1875	5	1	NA	NA	0	7.11	
1875	5	2	NA	NA	0	7.63	
1875	5	3	NA	NA	0	6.65	
1875	5	4	NA	NA	0	10.28	
1875	5	5	NA	NA	0	13.46	
1875	5	6	NA	NA	0	5.66	
1875	5	7	NA	NA	0	5.86	
1875	5	8	NA	NA	0	7.38	
1875	5	9	NA	NA	0	5.83	
1875	5	11	NA	NA	0	5.25	
1875	5	12	NA	NA	0	4.3899999999999997	
1875	5	13	NA	NA	0	4.97	
1875	5	14	NA	NA	0	5.92	
1875	5	15	NA	NA	0	6.39	
1875	5	16	NA	NA	0	6.82	
1875	5	17	NA	NA	0	7.06	
1875	5	18	NA	NA	0	8.32	
1875	5	19	NA	NA	0	4.04	
1875	5	21	NA	NA	0	4.47	
1875	5	22	NA	NA	0	6.28	
1875	5	23	NA	NA	0	9.25	
1875	5	24	NA	NA	0	13.45	
1875	5	25	NA	NA	0	7	
1875	5	26	NA	NA	0	3.21	
1875	5	27	NA	NA	0	4.34	
1875	5	28	NA	NA	0	6.56	
1875	5	29	NA	NA	0	9.58	
1875	5	30	NA	NA	0	7.96	
1875	6	1	NA	NA	0	4.91	
1875	6	2	NA	NA	0	4.1900000000000004	
1875	6	3	NA	NA	0	3.68	
1875	6	4	NA	NA	0	5.86	
1875	6	5	NA	NA	0	6.46	
1875	6	6	NA	NA	0	6	
1875	6	7	NA	NA	0	6.3	
1875	6	8	NA	NA	0	5.19	
1875	6	9	NA	NA	0	4.3600000000000003	
1875	6	11	NA	NA	0	7.29	
1875	6	12	NA	NA	0	6.77	
1875	6	13	NA	NA	0	5.59	
1875	6	14	NA	NA	0	5.0599999999999996	
1875	6	15	NA	NA	0	4.8099999999999996	
1875	6	16	NA	NA	0	4.79	
1875	6	17	NA	NA	0	4.83	
1875	6	18	NA	NA	0	2.67	
1875	6	19	NA	NA	0	2.96	
1875	6	21	NA	NA	0	3.39	
1875	6	22	NA	NA	0	4.91	
1875	6	23	NA	NA	0	3.86	
1875	6	24	NA	NA	0	4.28	
1875	6	25	NA	NA	0	3.77	
1875	6	26	NA	NA	0	3.67	
1875	6	27	NA	NA	0	4.5199999999999996	
1875	6	28	NA	NA	0	5	
1875	6	29	NA	NA	0	3.82	
1875	6	30	NA	NA	0	3.68	
1875	7	1	NA	NA	0	5.73	
1875	7	2	NA	NA	0	4.5999999999999996	
1875	7	3	NA	NA	0	4.9800000000000004	
1875	7	4	NA	NA	0	5.48	
1875	7	5	NA	NA	0	6.25	
1875	7	6	NA	NA	0	4.6500000000000004	
1875	7	7	NA	NA	0	4.67	
1875	7	8	NA	NA	0	6.42	
1875	7	9	NA	NA	0	4.17	
1875	7	11	NA	NA	0	3.48	
1875	7	12	NA	NA	0	2.68	
1875	7	13	NA	NA	0	3.48	
1875	7	14	NA	NA	0	4.2699999999999996	
1875	7	15	NA	NA	0	3.8	
1875	7	16	NA	NA	0	3.36	
1875	7	17	NA	NA	0	3.07	
1875	7	18	NA	NA	0	3.49	
1875	7	19	NA	NA	0	3.51	
1875	7	21	NA	NA	0	4.6900000000000004	
1875	7	22	NA	NA	0	4.28	
1875	7	23	NA	NA	0	4.83	
1875	7	24	NA	NA	0	3.61	
1875	7	25	NA	NA	0	5.61	
1875	7	26	NA	NA	0	5.03	
1875	7	27	NA	NA	0	5.62	
1875	7	28	NA	NA	0	6.1	
1875	7	29	NA	NA	0	4.5	
1875	7	30	NA	NA	0	3.28	
1875	8	1	NA	NA	0	5.18	
1875	8	2	NA	NA	0	6.93	
1875	8	3	NA	NA	0	7.66	
1875	8	4	NA	NA	0	7.42	
1875	8	5	NA	NA	0	6.56	
1875	8	6	NA	NA	0	6.08	
1875	8	7	NA	NA	0	5.26	
1875	8	8	NA	NA	0	6.32	
1875	8	9	NA	NA	0	6.12	
1875	8	11	NA	NA	0	5.15	
1875	8	12	NA	NA	0	6.24	
1875	8	13	NA	NA	0	7.53	
1875	8	14	NA	NA	0	3.42	
1875	8	15	NA	NA	0	3.33	
1875	8	16	NA	NA	0	3.25	
1875	8	17	NA	NA	0	4.51	
1875	8	18	NA	NA	0	4.47	
1875	8	19	NA	NA	0	4.4800000000000004	
1875	8	21	NA	NA	0	5.34	
1875	8	22	NA	NA	0	4.28	
1875	8	23	NA	NA	0	4.75	
1875	8	24	NA	NA	0	7.12	
1875	8	25	NA	NA	0	5.59	
1875	8	26	NA	NA	0	4.05	
1875	8	27	NA	NA	0	3.76	
1875	8	28	NA	NA	0	5.71	
1875	8	29	NA	NA	0	5.32	
1875	8	30	NA	NA	0	5.35	
1875	9	1	NA	NA	0	5.12	
1875	9	2	NA	NA	0	5.32	
1875	9	3	NA	NA	0	5.83	
1875	9	4	NA	NA	0	6.11	
1875	9	5	NA	NA	0	6.13	
1875	9	6	NA	NA	0	5.24	
1875	9	7	NA	NA	0	5.77	
1875	9	8	NA	NA	0	5.52	
1875	9	9	NA	NA	0	6.11	
1875	9	11	NA	NA	0	7.39	
1875	9	12	NA	NA	0	8.1999999999999993	
1875	9	13	NA	NA	0	9.74	
1875	9	14	NA	NA	0	10.23	
1875	9	15	NA	NA	0	9.67	
1875	9	16	NA	NA	0	6.92	
1875	9	17	NA	NA	0	5.0999999999999996	
1875	9	18	NA	NA	0	8.14	
1875	9	19	NA	NA	0	6.31	
1875	9	21	NA	NA	0	4.58	
1875	9	22	NA	NA	0	5.44	
1875	9	23	NA	NA	0	8.85	
1875	9	24	NA	NA	0	9.33	
1875	9	25	NA	NA	0	9.85	
1875	9	26	NA	NA	0	9.25	
1875	9	27	NA	NA	0	9.41	
1875	9	28	NA	NA	0	9.01	
1875	9	29	NA	NA	0	9.93	
1875	9	30	NA	NA	0	8.6	
1875	10	1	NA	NA	0	6.69	
1875	10	2	NA	NA	0	6.1	
1875	10	3	NA	NA	0	8.65	
1875	10	4	NA	NA	0	7.84	
1875	10	5	NA	NA	0	8.34	
1875	10	6	NA	NA	0	4.92	
1875	10	7	NA	NA	0	6.34	
1875	10	8	NA	NA	0	3.46	
1875	10	9	NA	NA	0	4.83	
1875	10	11	NA	NA	0	4.17	
1875	10	12	NA	NA	0	5.1100000000000003	
1875	10	13	NA	NA	0	2.75	
1875	10	14	NA	NA	0	4.53	
1875	10	15	NA	NA	0	5.09	
1875	10	16	NA	NA	0	3.23	
1875	10	17	NA	NA	0	5.48	
1875	10	18	NA	NA	0	5.93	
1875	10	19	NA	NA	0	5.86	
1875	10	21	NA	NA	0	8.8000000000000007	
1875	10	22	NA	NA	0	7.87	
1875	10	23	NA	NA	0	8.02	
1875	10	24	NA	NA	0	7.5	
1875	10	25	NA	NA	0	3.09	
1875	10	26	NA	NA	0	7.36	
1875	10	27	NA	NA	0	6.55	
1875	10	28	NA	NA	0	6.65	
1875	10	29	NA	NA	0	6.96	
1875	10	30	NA	NA	0	6.76	
1875	11	1	NA	NA	0	7.47	
1875	11	2	NA	NA	0	8.32	
1875	11	3	NA	NA	0	10.99	
1875	11	4	NA	NA	0	13.31	
1875	11	5	NA	NA	0	7.11	
1875	11	6	NA	NA	0	6.15	
1875	11	7	NA	NA	0	7.73	
1875	11	8	NA	NA	0	9.59	
1875	11	9	NA	NA	0	7.1	
1875	11	11	NA	NA	0	7.7	
1875	11	12	NA	NA	0	7.98	
1875	11	13	NA	NA	0	6.55	
1875	11	14	NA	NA	0	10.119999999999999	
1875	11	15	NA	NA	0	12.42	
1875	11	16	NA	NA	0	11.97	
1875	11	17	NA	NA	0	12.31	
1875	11	18	NA	NA	0	13.57	
1875	11	19	NA	NA	0	12.69	
1875	11	21	NA	NA	0	8.94	
1875	11	22	NA	NA	0	9.17	
1875	11	23	NA	NA	0	9.74	
1875	11	24	NA	NA	0	11.24	
1875	11	25	NA	NA	0	12.49	
1875	11	26	NA	NA	0	10.029999999999999	
1875	11	27	NA	NA	0	8.18	
1875	11	28	NA	NA	0	10.119999999999999	
1875	11	29	NA	NA	0	8.08	
1875	11	30	NA	NA	0	8.65	
1875	12	1	NA	NA	0	7.6	
1875	12	2	NA	NA	0	6.55	
1875	12	3	NA	NA	0	6.55	
1875	12	4	NA	NA	0	7.47	
1875	12	5	NA	NA	0	10.99	
1875	12	6	NA	NA	0	10.4	
1875	12	7	NA	NA	0	7.33	
1875	12	8	NA	NA	0	7.47	
1875	12	9	NA	NA	0	10.14	
1875	12	11	NA	NA	0	8.66	
1875	12	12	NA	NA	0	7.15	
1875	12	13	NA	NA	0	10.09	
1875	12	14	NA	NA	0	7.63	
1875	12	15	NA	NA	0	5.77	
1875	12	16	NA	NA	0	6.55	
1875	12	17	NA	NA	0	9.49	
1875	12	18	NA	NA	0	8.0500000000000007	
1875	12	19	NA	NA	0	7.04	
1875	12	21	NA	NA	0	9.32	
1875	12	22	NA	NA	0	9.2899999999999991	
1875	12	23	NA	NA	0	7.79	
1875	12	24	NA	NA	0	13.5	
1875	12	25	NA	NA	0	12.69	
1875	12	26	NA	NA	0	12.52	
1875	12	27	NA	NA	0	7.42	
1875	12	28	NA	NA	0	8.52	
1875	12	29	NA	NA	0	9.68	
1875	12	30	NA	NA	0	14.35	
1876	1	1	NA	NA	0	8.64	
1876	1	2	NA	NA	0	11.9	
1876	1	3	NA	NA	0	14.2	
1876	1	4	NA	NA	0	12.22	
1876	1	5	NA	NA	0	10.23	
1876	1	6	NA	NA	0	6.98	
1876	1	7	NA	NA	0	7.35	
1876	1	8	NA	NA	0	9.11	
1876	1	9	NA	NA	0	9.58	
1876	1	11	NA	NA	0	10	
1876	1	12	NA	NA	0	7.79	
1876	1	13	NA	NA	0	6.67	
1876	1	14	NA	NA	0	6.4	
1876	1	15	NA	NA	0	9.66	
1876	1	16	NA	NA	0	7.15	
1876	1	17	NA	NA	0	5.94	
1876	1	18	NA	NA	0	4.88	
1876	1	19	NA	NA	0	5.39	
1876	1	21	NA	NA	0	6.67	
1876	1	22	NA	NA	0	7.55	
1876	1	23	NA	NA	0	8.6199999999999992	
1876	1	24	NA	NA	0	10.69	
1876	1	25	NA	NA	0	9.77	
1876	1	26	NA	NA	0	6.88	
1876	1	27	NA	NA	0	7.57	
1876	1	28	NA	NA	0	9.68	
1876	1	29	NA	NA	0	9.1999999999999993	
1876	1	30	NA	NA	0	4.93	
1876	3	2	NA	NA	0	8.0500000000000007	
1876	3	3	NA	NA	0	10.3	
1876	3	4	NA	NA	0	4.8	
1876	3	5	NA	NA	0	5.31	
1876	3	6	NA	NA	0	7.73	
1876	3	7	NA	NA	0	6.79	
1876	3	8	NA	NA	0	5.96	
1876	3	9	NA	NA	0	7.87	
1876	3	11	NA	NA	0	7.07	
1876	3	12	NA	NA	0	5.95	
1876	3	13	NA	NA	0	8.66	
1876	3	14	NA	NA	0	11.26	
1876	3	15	NA	NA	0	11.3	
1876	3	16	NA	NA	0	12.61	
1876	3	17	NA	NA	0	9.02	
1876	3	18	NA	NA	0	9.1999999999999993	
1876	3	19	NA	NA	0	13.92	
1876	3	21	NA	NA	0	12.08	
1876	3	22	NA	NA	0	14.88	
1876	3	23	NA	NA	0	7.53	
1876	3	24	NA	NA	0	6.15	
1876	3	25	NA	NA	0	10.38	
1876	3	26	NA	NA	0	12.85	
1876	3	27	NA	NA	0	12.44	
1876	3	28	NA	NA	0	12.52	
1876	4	1	NA	NA	0	11.83	
1876	4	2	NA	NA	0	10.18	
1876	4	3	NA	NA	0	12.2	
1876	4	4	NA	NA	0	7.59	
1876	4	5	NA	NA	0	7.04	
1876	4	6	NA	NA	0	9.4700000000000006	
1876	4	7	NA	NA	0	7.97	
1876	4	8	NA	NA	0	10.6	
1876	4	9	NA	NA	0	12.85	
1876	4	11	NA	NA	0	10	
1876	4	12	NA	NA	0	11.41	
1876	4	13	NA	NA	0	10.89	
1876	4	14	NA	NA	0	9.08	
1876	4	15	NA	NA	0	8.1	
1876	4	16	NA	NA	0	10.66	
1876	4	17	NA	NA	0	6.89	
1876	4	18	NA	NA	0	9.86	
1876	4	19	NA	NA	0	9.93	
1876	4	21	NA	NA	0	8.67	
1876	4	22	NA	NA	0	9.91	
1876	4	23	NA	NA	0	10.46	
1876	4	24	NA	NA	0	11.02	
1876	4	25	NA	NA	0	10.119999999999999	
1876	4	26	NA	NA	0	10.220000000000001	
1876	4	27	NA	NA	0	8.99	
1876	4	28	NA	NA	0	7.6	
1876	4	29	NA	NA	0	7.41	
1876	4	30	NA	NA	0	10.61	
1876	5	1	NA	NA	0	10.57	
1876	5	2	NA	NA	0	11.25	
1876	5	3	NA	NA	0	5.32	
1876	5	4	NA	NA	0	5.25	
1876	5	5	NA	NA	0	6.26	
1876	5	6	NA	NA	0	7.77	
1876	5	7	NA	NA	0	5.64	
1876	5	8	NA	NA	0	5.63	
1876	5	9	NA	NA	0	6.42	
1876	5	11	NA	NA	0	12.92	
1876	5	12	NA	NA	0	5.31	
1876	5	13	NA	NA	0	6.08	
1876	5	14	NA	NA	0	7.38	
1876	5	15	NA	NA	0	5.24	
1876	5	16	NA	NA	0	5.9	
1876	5	17	NA	NA	0	6.01	
1876	5	18	NA	NA	0	5.33	
1876	5	19	NA	NA	0	7.24	
1876	5	21	NA	NA	0	5.67	
1876	5	22	NA	NA	0	4.71	
1876	5	23	NA	NA	0	6.38	
1876	5	24	NA	NA	0	5.67	
1876	5	25	NA	NA	0	6.73	
1876	5	26	NA	NA	0	6.31	
1876	5	27	NA	NA	0	4.7699999999999996	
1876	5	28	NA	NA	0	8.7899999999999991	
1876	5	29	NA	NA	0	7.26	
1876	5	30	NA	NA	0	9.19	
1876	6	1	NA	NA	0	8.06	
1876	6	2	NA	NA	0	5.32	
1876	6	3	NA	NA	0	6.82	
1876	6	4	NA	NA	0	8.2899999999999991	
1876	6	5	NA	NA	0	9.14	
1876	6	6	NA	NA	0	9	
1876	6	7	NA	NA	0	5.42	
1876	6	8	NA	NA	0	7.77	
1876	6	9	NA	NA	0	8.48	
1876	6	11	NA	NA	0	6.28	
1876	6	12	NA	NA	0	7.22	
1876	6	13	NA	NA	0	7.12	
1876	6	14	NA	NA	0	5.1100000000000003	
1876	6	15	NA	NA	0	5.61	
1876	6	16	NA	NA	0	3.71	
1876	6	17	NA	NA	0	3.72	
1876	6	18	NA	NA	0	4.9000000000000004	
1876	6	19	NA	NA	0	4.87	
1876	6	21	NA	NA	0	4.45	
1876	6	22	NA	NA	0	4.07	
1876	6	23	NA	NA	0	4.78	
1876	6	24	NA	NA	0	6.72	
1876	6	25	NA	NA	0	6.44	
1876	6	26	NA	NA	0	9.7799999999999994	
1876	6	27	NA	NA	0	11.06	
1876	6	28	NA	NA	0	7.88	
1876	6	29	NA	NA	0	7.79	
1876	6	30	NA	NA	0	8.08	
1876	7	1	NA	NA	0	6.76	
1876	7	2	NA	NA	0	5.67	
1876	7	3	NA	NA	0	6.63	
1876	7	4	NA	NA	0	6.69	
1876	7	5	NA	NA	0	7.1	
1876	7	6	NA	NA	0	6.42	
1876	7	7	NA	NA	0	6.13	
1876	7	8	NA	NA	0	4.4000000000000004	
1876	7	9	NA	NA	0	4.9800000000000004	
1876	7	11	NA	NA	0	3.79	
1876	7	12	NA	NA	0	6.6	
1876	7	13	NA	NA	0	6.65	
1876	7	14	NA	NA	0	6.32	
1876	7	15	NA	NA	0	10.88	
1876	7	16	NA	NA	0	5.81	
1876	7	17	NA	NA	0	6.38	
1876	7	18	NA	NA	0	8.65	
1876	7	19	NA	NA	0	11.79	
1876	7	21	NA	NA	0	8.1300000000000008	
1876	7	22	NA	NA	0	10.130000000000001	
1876	7	23	NA	NA	0	5.8	
1876	7	24	NA	NA	0	5.73	
1876	7	25	NA	NA	0	6.97	
1876	7	26	NA	NA	0	6.88	
1876	7	27	NA	NA	0	8.84	
1876	7	28	NA	NA	0	4.32	
1876	7	29	NA	NA	0	4.29	
1876	7	30	NA	NA	0	4.97	
1876	8	1	NA	NA	0	5.83	
1876	8	2	NA	NA	0	5.93	
1876	8	3	NA	NA	0	5.49	
1876	8	4	NA	NA	0	6.5	
1876	8	5	NA	NA	0	7.43	
1876	8	6	NA	NA	0	7.76	
1876	8	7	NA	NA	0	5.57	
1876	8	8	NA	NA	0	4.63	
1876	8	9	NA	NA	0	5.6	
1876	8	11	NA	NA	0	3.86	
1876	8	12	NA	NA	0	4.3	
1876	8	13	NA	NA	0	4.91	
1876	8	14	NA	NA	0	5.93	
1876	8	15	NA	NA	0	5.31	
1876	8	16	NA	NA	0	4.63	
1876	8	17	NA	NA	0	5.16	
1876	8	18	NA	NA	0	5.03	
1876	8	19	NA	NA	0	5.68	
1876	8	21	NA	NA	0	4.96	
1876	8	22	NA	NA	0	5.53	
1876	8	23	NA	NA	0	5.36	
1876	8	24	NA	NA	0	7.11	
1876	8	25	NA	NA	0	3.54	
1876	8	26	NA	NA	0	3.62	
1876	8	27	NA	NA	0	5.45	
1876	8	28	NA	NA	0	6.12	
1876	8	29	NA	NA	0	9.16	
1876	8	30	NA	NA	0	7.2	
1876	9	1	NA	NA	0	5.55	
1876	9	2	NA	NA	0	6.52	
1876	9	3	NA	NA	0	5.75	
1876	9	4	NA	NA	0	4.71	
1876	9	5	NA	NA	0	6.1	
1876	9	6	NA	NA	0	6.42	
1876	9	7	NA	NA	0	7.72	
1876	9	8	NA	NA	0	5.75	
1876	9	9	NA	NA	0	4.3499999999999996	
1876	9	11	NA	NA	0	8.84	
1876	9	12	NA	NA	0	9.7899999999999991	
1876	9	13	NA	NA	0	6.79	
1876	9	14	NA	NA	0	6.22	
1876	9	15	NA	NA	0	6.48	
1876	9	16	NA	NA	0	6.12	
1876	9	17	NA	NA	0	7.12	
1876	9	18	NA	NA	0	9.08	
1876	9	19	NA	NA	0	8.25	
1876	9	21	NA	NA	0	11.74	
1876	9	22	NA	NA	0	12.46	
1876	9	23	NA	NA	0	8.15	
1876	9	24	NA	NA	0	6.29	
1876	9	25	NA	NA	0	8	
1876	9	26	NA	NA	0	6.31	
1876	9	27	NA	NA	0	6.04	
1876	9	28	NA	NA	0	7.9	
1876	9	29	NA	NA	0	13.33	
1876	9	30	NA	NA	0	9.44	
1876	10	1	NA	NA	0	9.6	
1876	10	2	NA	NA	0	5.8	
1876	10	3	NA	NA	0	5.33	
1876	10	4	NA	NA	0	4.42	
1876	10	5	NA	NA	0	5.69	
1876	10	6	NA	NA	0	7.76	
1876	10	7	NA	NA	0	4.63	
1876	10	8	NA	NA	0	5.49	
1876	10	9	NA	NA	0	7.3	
1876	10	11	NA	NA	0	6.36	
1876	10	12	NA	NA	0	5.91	
1876	10	13	NA	NA	0	5.13	
1876	10	14	NA	NA	0	5.91	
1876	10	15	NA	NA	0	7.51	
1876	10	16	NA	NA	0	7.7	
1876	10	17	NA	NA	0	7.79	
1876	10	18	NA	NA	0	6.81	
1876	10	19	NA	NA	0	8.19	
1876	10	21	NA	NA	0	5.49	
1876	10	22	NA	NA	0	8.18	
1876	10	23	NA	NA	0	9.09	
1876	10	24	NA	NA	0	8.66	
1876	10	25	NA	NA	0	10.98	
1876	10	26	NA	NA	0	13.11	
1876	10	27	NA	NA	0	10.92	
1876	10	28	NA	NA	0	7.8	
1876	10	29	NA	NA	0	6.62	
1876	10	30	NA	NA	0	7.17	
1876	11	1	NA	NA	0	10.23	
1876	11	2	NA	NA	0	6.52	
1876	11	3	NA	NA	0	6.59	
1876	11	4	NA	NA	0	8.5500000000000007	
1876	11	5	NA	NA	0	8.9600000000000009	
1876	11	6	NA	NA	0	9.86	
1876	11	7	NA	NA	0	8.52	
1876	11	8	NA	NA	0	8.4600000000000009	
1876	11	9	NA	NA	0	11.35	
1876	11	11	NA	NA	0	8.2899999999999991	
1876	11	12	NA	NA	0	7.77	
1876	11	13	NA	NA	0	9	
1876	11	14	NA	NA	0	10.199999999999999	
1876	11	15	NA	NA	0	10.74	
1876	11	16	NA	NA	0	10.96	
1876	11	17	NA	NA	0	8.8699999999999992	
1876	11	18	NA	NA	0	8.26	
1876	11	19	NA	NA	0	8.85	
1876	11	21	NA	NA	0	12.01	
1876	11	22	NA	NA	0	11.56	
1876	11	23	NA	NA	0	9.98	
1876	11	24	NA	NA	0	9.4499999999999993	
1876	11	25	NA	NA	0	10.86	
1876	11	26	NA	NA	0	6.96	
1876	11	27	NA	NA	0	7.34	
1876	11	28	NA	NA	0	5.51	
1876	11	29	NA	NA	0	7.23	
1876	11	30	NA	NA	0	9.41	
1876	12	1	NA	NA	0	9.6199999999999992	
1876	12	2	NA	NA	0	7.33	
1876	12	3	NA	NA	0	6.11	
1876	12	4	NA	NA	0	5.89	
1876	12	5	NA	NA	0	5.58	
1876	12	6	NA	NA	0	6.49	
1876	12	7	NA	NA	0	8.3800000000000008	
1876	12	8	NA	NA	0	10.72	
1876	12	9	NA	NA	0	13.55	
1876	12	11	NA	NA	0	12.29	
1876	12	12	NA	NA	0	12.78	
1876	12	13	NA	NA	0	12.62	
1876	12	14	NA	NA	0	9.02	
1876	12	15	NA	NA	0	7.99	
1876	12	16	NA	NA	0	9.26	
1876	12	17	NA	NA	0	9.6300000000000008	
1876	12	18	NA	NA	0	10.58	
1876	12	19	NA	NA	0	9.89	
1876	12	21	NA	NA	0	10.050000000000001	
1876	12	22	NA	NA	0	14.49	
1876	12	23	NA	NA	0	15.5	
1876	12	24	NA	NA	0	13.74	
1876	12	25	NA	NA	0	14.69	
1876	12	26	NA	NA	0	11.27	
1876	12	27	NA	NA	0	9.86	
1876	12	28	NA	NA	0	8.56	
1876	12	29	NA	NA	0	8.86	
1876	12	30	NA	NA	0	8.24	
1877	1	1	NA	NA	0	10.119999999999999	
1877	1	2	NA	NA	0	9.7100000000000009	
1877	1	3	NA	NA	0	13.91	
1877	1	4	NA	NA	0	11.84	
1877	1	5	NA	NA	0	11.27	
1877	1	6	NA	NA	0	9.7799999999999994	
1877	1	7	NA	NA	0	10.7	
1877	1	8	NA	NA	0	10.58	
1877	1	9	NA	NA	0	13.49	
1877	1	11	NA	NA	0	12.45	
1877	1	12	NA	NA	0	11.52	
1877	1	13	NA	NA	0	10.35	
1877	1	14	NA	NA	0	8.82	
1877	1	15	NA	NA	0	8.74	
1877	1	16	NA	NA	0	11.19	
1877	1	17	NA	NA	0	11.34	
1877	1	18	NA	NA	0	14.51	
1877	1	19	NA	NA	0	11.92	
1877	1	21	NA	NA	0	11.57	
1877	1	22	NA	NA	0	8.58	
1877	1	23	NA	NA	0	7.64	
1877	1	24	NA	NA	0	9.07	
1877	1	25	NA	NA	0	8.4	
1877	1	26	NA	NA	0	11.76	
1877	1	27	NA	NA	0	10.24	
1877	1	28	NA	NA	0	15.03	
1877	1	29	NA	NA	0	15.45	
1877	1	30	NA	NA	0	13.36	
1877	2	1	NA	NA	0	8.4499999999999993	
1877	2	2	NA	NA	0	7.75	
1877	2	3	NA	NA	0	8.5299999999999994	
1877	2	4	NA	NA	0	11.19	
1877	2	5	NA	NA	0	12.15	
1877	2	6	NA	NA	0	12.01	
1877	2	7	NA	NA	0	8.2200000000000006	
1877	2	8	NA	NA	0	9.32	
1877	2	9	NA	NA	0	7.93	
1877	2	11	NA	NA	0	9.24	
1877	2	12	NA	NA	0	9.1199999999999992	
1877	2	13	NA	NA	0	8.15	
1877	2	14	NA	NA	0	8.06	
1877	2	15	NA	NA	0	7.33	
1877	2	16	NA	NA	0	13.49	
1877	2	17	NA	NA	0	11.79	
1877	2	18	NA	NA	0	10.66	
1877	2	19	NA	NA	0	10.79	
1877	2	21	NA	NA	0	10.16	
1877	2	22	NA	NA	0	8.42	
1877	2	23	NA	NA	0	11.62	
1877	2	24	NA	NA	0	10.77	
1877	2	25	NA	NA	0	10.1	
1877	2	26	NA	NA	0	9.33	
1877	2	27	NA	NA	0	10.37	
1877	2	28	NA	NA	0	10.93	
1877	3	1	NA	NA	0	11.72	
1877	3	2	NA	NA	0	12.88	
1877	3	3	NA	NA	0	10.45	
1877	3	4	NA	NA	0	10.27	
1877	3	5	NA	NA	0	8.69	
1877	3	6	NA	NA	0	13.93	
1877	3	7	NA	NA	0	14.25	
1877	3	8	NA	NA	0	16.940000000000001	
1877	3	9	NA	NA	0	9.64	
1877	3	11	NA	NA	0	13.85	
1877	3	12	NA	NA	0	14.05	
1877	3	13	NA	NA	0	12.78	
1877	3	14	NA	NA	0	13.74	
1877	3	15	NA	NA	0	13.98	
1877	3	16	NA	NA	0	13.99	
1877	3	17	NA	NA	0	10.8	
1877	3	18	NA	NA	0	12.89	
1877	3	19	NA	NA	0	14.7	
1877	3	21	NA	NA	0	13.9	
1877	3	22	NA	NA	0	13.47	
1877	3	23	NA	NA	0	12.75	
1877	3	24	NA	NA	0	15.56	
1877	3	25	NA	NA	0	11.47	
1877	3	26	NA	NA	0	10.17	
1877	3	27	NA	NA	0	8.51	
1877	3	28	NA	NA	0	8.7899999999999991	
1877	4	1	NA	NA	0	14.09	
1877	4	2	NA	NA	0	10.58	
1877	4	3	NA	NA	0	7.46	
1877	4	4	NA	NA	0	9.6300000000000008	
1877	4	5	NA	NA	0	9.65	
1877	4	6	NA	NA	0	10.050000000000001	
1877	4	7	NA	NA	0	7.66	
1877	4	8	NA	NA	0	7.13	
1877	4	9	NA	NA	0	9.23	
1877	4	11	NA	NA	0	9.64	
1877	4	12	NA	NA	0	9.3800000000000008	
1877	4	13	NA	NA	0	9.6	
1877	4	14	NA	NA	0	13.1	
1877	4	15	NA	NA	0	10.16	
1877	4	16	NA	NA	0	6.96	
1877	4	17	NA	NA	0	8.9600000000000009	
1877	4	18	NA	NA	0	8.6300000000000008	
1877	4	19	NA	NA	0	9.09	
1877	4	21	NA	NA	0	9.2799999999999994	
1877	4	22	NA	NA	0	5.78	
1877	4	23	NA	NA	0	9.15	
1877	4	24	NA	NA	0	8.06	
1877	4	25	NA	NA	0	7.67	
1877	4	26	NA	NA	0	6.79	
1877	4	27	NA	NA	0	7.15	
1877	4	28	NA	NA	0	7.83	
1877	4	29	NA	NA	0	10.84	
1877	4	30	NA	NA	0	14.96	
1877	5	1	NA	NA	0	10.79	
1877	5	2	NA	NA	0	9.61	
1877	5	3	NA	NA	0	7.14	
1877	5	4	NA	NA	0	6.9	
1877	5	5	NA	NA	0	5.56	
1877	5	6	NA	NA	0	6.29	
1877	5	7	NA	NA	0	6.98	
1877	5	8	NA	NA	0	6.03	
1877	5	9	NA	NA	0	7.46	
1877	5	11	NA	NA	0	6.58	
1877	5	12	NA	NA	0	7.53	
1877	5	13	NA	NA	0	5.93	
1877	5	14	NA	NA	0	5.46	
1877	5	15	NA	NA	0	5.7	
1877	5	16	NA	NA	0	6	
1877	5	17	NA	NA	0	7.49	
1877	5	18	NA	NA	0	8.17	
1877	5	19	NA	NA	0	6	
1877	5	21	NA	NA	0	6.19	
1877	5	22	NA	NA	0	5.58	
1877	5	23	NA	NA	0	5.95	
1877	5	24	NA	NA	0	6.56	
1877	5	25	NA	NA	0	6.71	
1877	5	26	NA	NA	0	5.99	
1877	5	27	NA	NA	0	8.34	
1877	5	28	NA	NA	0	7.97	
1877	5	29	NA	NA	0	8.5500000000000007	
1877	5	30	NA	NA	0	7.46	
1877	6	1	NA	NA	0	6.1	
1877	6	2	NA	NA	0	6.87	
1877	6	3	NA	NA	0	10.47	
1877	6	4	NA	NA	0	5.55	
1877	6	5	NA	NA	0	6.88	
1877	6	6	NA	NA	0	5.17	
1877	6	7	NA	NA	0	6.02	
1877	6	8	NA	NA	0	3.99	
1877	6	9	NA	NA	0	3.64	
1877	6	11	NA	NA	0	5.0599999999999996	
1877	6	12	NA	NA	0	6.13	
1877	6	13	NA	NA	0	6.36	
1877	6	14	NA	NA	0	6.71	
1877	6	15	NA	NA	0	6.83	
1877	6	16	NA	NA	0	6.03	
1877	6	17	NA	NA	0	6.4	
1877	6	18	NA	NA	0	6.09	
1877	6	19	NA	NA	0	6.03	
1877	6	21	NA	NA	0	7.26	
1877	6	22	NA	NA	0	5.5	
1877	6	23	NA	NA	0	6.99	
1877	6	24	NA	NA	0	5.33	
1877	6	25	NA	NA	0	5.79	
1877	6	26	NA	NA	0	5.28	
1877	6	27	NA	NA	0	4.21	
1877	6	28	NA	NA	0	4.12	
1877	6	29	NA	NA	0	4.6100000000000003	
1877	6	30	NA	NA	0	6.02	
1877	7	1	NA	NA	0	6.55	
1877	7	2	NA	NA	0	7.17	
1877	7	3	NA	NA	0	7.65	
1877	7	4	NA	NA	0	4.5199999999999996	
1877	7	5	NA	NA	0	5.49	
1877	7	6	NA	NA	0	5.58	
1877	7	7	NA	NA	0	5.29	
1877	7	8	NA	NA	0	6.35	
1877	7	9	NA	NA	0	8.73	
1877	7	11	NA	NA	0	5.53	
1877	7	12	NA	NA	0	11.13	
1877	7	13	NA	NA	0	12.66	
1877	7	14	NA	NA	0	12.62	
1877	7	15	NA	NA	0	8.1199999999999992	
1877	7	16	NA	NA	0	6.19	
1877	7	17	NA	NA	0	8.11	
1877	7	18	NA	NA	0	8.18	
1877	7	19	NA	NA	0	6.37	
1877	7	21	NA	NA	0	7.04	
1877	7	22	NA	NA	0	6.01	
1877	7	23	NA	NA	0	5.94	
1877	7	24	NA	NA	0	5.47	
1877	7	25	NA	NA	0	5.79	
1877	7	26	NA	NA	0	5.63	
1877	7	27	NA	NA	0	6.19	
1877	7	28	NA	NA	0	6.63	
1877	7	29	NA	NA	0	5.2	
1877	7	30	NA	NA	0	5.85	
1877	8	1	NA	NA	0	4.84	
1877	8	2	NA	NA	0	4.84	
1877	8	3	NA	NA	0	4.53	
1877	8	4	NA	NA	0	4.5	
1877	8	5	NA	NA	0	6.44	
1877	8	6	NA	NA	0	4.97	
1877	8	7	NA	NA	0	4.16	
1877	8	8	NA	NA	0	4.7	
1877	8	9	NA	NA	0	5.89	
1877	8	11	NA	NA	0	6.25	
1877	8	12	NA	NA	0	7.61	
1877	8	13	NA	NA	0	6.97	
1877	8	14	NA	NA	0	6.47	
1877	8	15	NA	NA	0	5.27	
1877	8	16	NA	NA	0	4.4400000000000004	
1877	8	17	NA	NA	0	4.67	
1877	8	18	NA	NA	0	4.9400000000000004	
1877	8	19	NA	NA	0	5.53	
1877	8	21	NA	NA	0	10.16	
1877	8	22	NA	NA	0	12.47	
1877	8	23	NA	NA	0	5.2	
1877	8	24	NA	NA	0	4.7699999999999996	
1877	8	25	NA	NA	0	6.25	
1877	8	26	NA	NA	0	5.18	
1877	8	27	NA	NA	0	6.76	
1877	8	28	NA	NA	0	6.39	
1877	8	29	NA	NA	0	5.67	
1877	8	30	NA	NA	0	5.44	
1877	9	1	NA	NA	0	6.74	
1877	9	2	NA	NA	0	6.84	
1877	9	3	NA	NA	0	7.85	
1877	9	4	NA	NA	0	9.17	
1877	9	5	NA	NA	0	7.87	
1877	9	6	NA	NA	0	4.78	
1877	9	7	NA	NA	0	4.38	
1877	9	8	NA	NA	0	5.35	
1877	9	9	NA	NA	0	10.49	
1877	9	11	NA	NA	0	4.83	
1877	9	12	NA	NA	0	4.78	
1877	9	13	NA	NA	0	5.12	
1877	9	14	NA	NA	0	6.74	
1877	9	15	NA	NA	0	9.2899999999999991	
1877	9	16	NA	NA	0	5.58	
1877	9	17	NA	NA	0	5.18	
1877	9	18	NA	NA	0	7.58	
1877	9	19	NA	NA	0	4.1500000000000004	
1877	9	21	NA	NA	0	3.5	
1877	9	22	NA	NA	0	3.85	
1877	9	23	NA	NA	0	4.01	
1877	9	24	NA	NA	0	3.5	
1877	9	25	NA	NA	0	6.12	
1877	9	26	NA	NA	0	4.13	
1877	9	27	NA	NA	0	4.49	
1877	9	28	NA	NA	0	4.3	
1877	9	29	NA	NA	0	5.72	
1877	9	30	NA	NA	0	5.67	
1877	10	1	NA	NA	0	6.22	
1877	10	2	NA	NA	0	7.1	
1877	10	3	NA	NA	0	8.35	
1877	10	4	NA	NA	0	6.29	
1877	10	5	NA	NA	0	7.86	
1877	10	6	NA	NA	0	10.11	
1877	10	7	NA	NA	0	10.17	
1877	10	8	NA	NA	0	7.21	
1877	10	9	NA	NA	0	8.01	
1877	10	11	NA	NA	0	7.81	
1877	10	12	NA	NA	0	9.09	
1877	10	13	NA	NA	0	10.31	
1877	10	14	NA	NA	0	6.36	
1877	10	15	NA	NA	0	5.43	
1877	10	16	NA	NA	0	5	
1877	10	17	NA	NA	0	5.01	
1877	10	18	NA	NA	0	5.93	
1877	10	19	NA	NA	0	6.99	
1877	10	21	NA	NA	0	4.76	
1877	10	22	NA	NA	0	5.69	
1877	10	23	NA	NA	0	6.05	
1877	10	24	NA	NA	0	8.06	
1877	10	25	NA	NA	0	9.93	
1877	10	26	NA	NA	0	13.93	
1877	10	27	NA	NA	0	8.84	
1877	10	28	NA	NA	0	6.58	
1877	10	29	NA	NA	0	5.39	
1877	10	30	NA	NA	0	5.99	
1877	11	1	NA	NA	0	9.31	
1877	11	2	NA	NA	0	8.91	
1877	11	3	NA	NA	0	6.18	
1877	11	4	NA	NA	0	7.35	
1877	11	5	NA	NA	0	5.68	
1877	11	6	NA	NA	0	5.35	
1877	11	7	NA	NA	0	5.76	
1877	11	8	NA	NA	0	10.24	
1877	11	9	NA	NA	0	7.91	
1877	11	11	NA	NA	0	9.81	
1877	11	12	NA	NA	0	12.28	
1877	11	13	NA	NA	0	8.49	
1877	11	14	NA	NA	0	7.62	
1877	11	15	NA	NA	0	8.19	
1877	11	16	NA	NA	0	8.35	
1877	11	17	NA	NA	0	9.5500000000000007	
1877	11	18	NA	NA	0	11.54	
1877	11	19	NA	NA	0	11.55	
1877	11	21	NA	NA	0	5.34	
1877	11	22	NA	NA	0	8.67	
1877	11	23	NA	NA	0	10.64	
1877	11	24	NA	NA	0	9.43	
1877	11	25	NA	NA	0	6.82	
1877	11	26	NA	NA	0	7.84	
1877	11	27	NA	NA	0	7.75	
1877	11	28	NA	NA	0	7.27	
1877	11	29	NA	NA	0	6.01	
1877	11	30	NA	NA	0	5.8	
1877	12	1	NA	NA	0	9.82	
1877	12	2	NA	NA	0	6.46	
1877	12	3	NA	NA	0	7.99	
1877	12	4	NA	NA	0	6.21	
1877	12	5	NA	NA	0	10.79	
1877	12	6	NA	NA	0	11.05	
1877	12	7	NA	NA	0	7.56	
1877	12	8	NA	NA	0	6.74	
1877	12	9	NA	NA	0	9.02	
1877	12	11	NA	NA	0	5.24	
1877	12	12	NA	NA	0	7.61	
1877	12	13	NA	NA	0	10.130000000000001	
1877	12	14	NA	NA	0	13.17	
1877	12	15	NA	NA	0	11.87	
1877	12	16	NA	NA	0	12.88	
1877	12	17	NA	NA	0	13.82	
1877	12	18	NA	NA	0	16.46	
1877	12	19	NA	NA	0	8.6300000000000008	
1877	12	21	NA	NA	0	5.87	
1877	12	22	NA	NA	0	6.6	
1877	12	23	NA	NA	0	11.58	
1877	12	24	NA	NA	0	7.72	
1877	12	25	NA	NA	0	7.19	
1877	12	26	NA	NA	0	9.74	
1877	12	27	NA	NA	0	8.86	
1877	12	28	NA	NA	0	8.49	
1877	12	29	NA	NA	0	6.72	
1877	12	30	NA	NA	0	9	
1878	1	1	NA	NA	0	8.15	
1878	1	2	NA	NA	0	10.029999999999999	
1878	1	3	NA	NA	0	13.53	
1878	1	4	NA	NA	0	11.57	
1878	1	5	NA	NA	0	13.24	
1878	1	6	NA	NA	0	15.56	
1878	1	7	NA	NA	0	15.45	
1878	1	8	NA	NA	0	9.56	
1878	1	9	NA	NA	0	9.25	
1878	1	11	NA	NA	0	7.69	
1878	1	12	NA	NA	0	12.56	
1878	1	13	NA	NA	0	13.84	
1878	1	14	NA	NA	0	11.53	
1878	1	15	NA	NA	0	12.21	
1878	1	16	NA	NA	0	13.59	
1878	1	17	NA	NA	0	12.76	
1878	1	18	NA	NA	0	15.43	
1878	1	19	NA	NA	0	13.06	
1878	1	21	NA	NA	0	10.75	
1878	1	22	NA	NA	0	12.25	
1878	1	23	NA	NA	0	12.62	
1878	1	24	NA	NA	0	14.14	
1878	1	25	NA	NA	0	10.56	
1878	1	26	NA	NA	0	10.41	
1878	1	27	NA	NA	0	10.77	
1878	1	28	NA	NA	0	10.79	
1878	1	29	NA	NA	0	12.54	
1878	1	30	NA	NA	0	8.1	
1878	2	1	NA	NA	0	10.220000000000001	
1878	2	2	NA	NA	0	12.24	
1878	2	3	NA	NA	0	12.89	
1878	2	4	NA	NA	0	10.58	
1878	2	5	NA	NA	0	11.42	
1878	2	6	NA	NA	0	10.02	
1878	2	7	NA	NA	0	9.61	
1878	2	8	NA	NA	0	9.85	
1878	2	9	NA	NA	0	8.31	
1878	2	11	NA	NA	0	11.28	
1878	2	12	NA	NA	0	13.18	
1878	2	13	NA	NA	0	12.15	
1878	2	14	NA	NA	0	8.41	
1878	2	15	NA	NA	0	8.0500000000000007	
1878	2	16	NA	NA	0	10.8	
1878	2	17	NA	NA	0	10.7	
1878	2	18	NA	NA	0	9.48	
1878	2	19	NA	NA	0	9.01	
1878	2	21	NA	NA	0	12.2	
1878	2	22	NA	NA	0	10.95	
1878	2	23	NA	NA	0	13.2	
1878	2	24	NA	NA	0	11.41	
1878	2	25	NA	NA	0	10.55	
1878	2	26	NA	NA	0	12.05	
1878	2	27	NA	NA	0	15.28	
1878	2	28	NA	NA	0	14	
1878	3	1	NA	NA	0	14.16	
1878	3	2	NA	NA	0	14.2	
1878	3	3	NA	NA	0	13.32	
1878	3	4	NA	NA	0	15.21	
1878	3	5	NA	NA	0	14.68	
1878	3	6	NA	NA	0	16.97	
1878	3	7	NA	NA	0	11.87	
1878	3	8	NA	NA	0	9.84	
1878	3	9	NA	NA	0	11.72	
1878	3	11	NA	NA	0	1.87	
1878	3	12	NA	NA	0	9.86	
1878	3	13	NA	NA	0	9.61	
1878	3	14	NA	NA	0	11.72	
1878	3	15	NA	NA	0	13.02	
1878	3	16	NA	NA	0	15.34	
1878	3	17	NA	NA	0	9.27	
1878	3	18	NA	NA	0	8.93	
1878	3	19	NA	NA	0	8.5500000000000007	
1878	3	21	NA	NA	0	11.15	
1878	3	22	NA	NA	0	10.57	
1878	3	23	NA	NA	0	10.33	
1878	3	24	NA	NA	0	11.58	
1878	3	25	NA	NA	0	11.84	
1878	3	26	NA	NA	0	8.0500000000000007	
1878	3	27	NA	NA	0	7.08	
1878	3	28	NA	NA	0	7.77	
1878	4	1	NA	NA	0	10.07	
1878	4	2	NA	NA	0	10.61	
1878	4	3	NA	NA	0	8.93	
1878	4	4	NA	NA	0	9.7899999999999991	
1878	4	5	NA	NA	0	9.76	
1878	4	6	NA	NA	0	8.5500000000000007	
1878	4	7	NA	NA	0	8.2899999999999991	
1878	4	8	NA	NA	0	6.65	
1878	4	9	NA	NA	0	6.13	
1878	4	11	NA	NA	0	8.01	
1878	4	12	NA	NA	0	8.59	
1878	4	13	NA	NA	0	11.59	
1878	4	14	NA	NA	0	7.35	
1878	4	15	NA	NA	0	7.73	
1878	4	16	NA	NA	0	5.99	
1878	4	17	NA	NA	0	6.05	
1878	4	18	NA	NA	0	8.59	
1878	4	19	NA	NA	0	6.2	
1878	4	21	NA	NA	0	4.57	
1878	4	22	NA	NA	0	7.23	
1878	4	23	NA	NA	0	9.8000000000000007	
1878	4	24	NA	NA	0	11.1	
1878	4	25	NA	NA	0	8.3000000000000007	
1878	4	26	NA	NA	0	9.68	
1878	4	27	NA	NA	0	10.62	
1878	4	28	NA	NA	0	10.43	
1878	4	29	NA	NA	0	7.06	
1878	4	30	NA	NA	0	8.1300000000000008	
1878	5	1	NA	NA	0	8.3800000000000008	
1878	5	2	NA	NA	0	7.38	
1878	5	3	NA	NA	0	8.25	
1878	5	4	NA	NA	0	9.2100000000000009	
1878	5	5	NA	NA	0	9.77	
1878	5	6	NA	NA	0	7.8	
1878	5	7	NA	NA	0	9.42	
1878	5	8	NA	NA	0	7.75	
1878	5	9	NA	NA	0	5.16	
1878	5	11	NA	NA	0	7.07	
1878	5	12	NA	NA	0	5.38	
1878	5	13	NA	NA	0	6.69	
1878	5	14	NA	NA	0	5.83	
1878	5	15	NA	NA	0	5.95	
1878	5	16	NA	NA	0	5.67	
1878	5	17	NA	NA	0	5.53	
1878	5	18	NA	NA	0	6.25	
1878	5	19	NA	NA	0	7.06	
1878	5	21	NA	NA	0	6.35	
1878	5	22	NA	NA	0	6.33	
1878	5	23	NA	NA	0	9.31	
1878	5	24	NA	NA	0	8.83	
1878	5	25	NA	NA	0	9.26	
1878	5	26	NA	NA	0	11.87	
1878	5	27	NA	NA	0	12.08	
1878	5	28	NA	NA	0	10.07	
1878	5	29	NA	NA	0	7.05	
1878	5	30	NA	NA	0	5.32	
1878	6	1	NA	NA	0	6.05	
1878	6	2	NA	NA	0	5.57	
1878	6	3	NA	NA	0	4.12	
1878	6	4	NA	NA	0	3.69	
1878	6	5	NA	NA	0	4.2300000000000004	
1878	6	6	NA	NA	0	6.09	
1878	6	7	NA	NA	0	7.2	
1878	6	8	NA	NA	0	7.37	
1878	6	9	NA	NA	0	7.52	
1878	6	11	NA	NA	0	9.0299999999999994	
1878	6	12	NA	NA	0	7.41	
1878	6	13	NA	NA	0	6.37	
1878	6	14	NA	NA	0	7.28	
1878	6	15	NA	NA	0	7.39	
1878	6	16	NA	NA	0	5.0199999999999996	
1878	6	17	NA	NA	0	7.2	
1878	6	18	NA	NA	0	6.78	
1878	6	19	NA	NA	0	6.37	
1878	6	21	NA	NA	0	3.42	
1878	6	22	NA	NA	0	4.01	
1878	6	23	NA	NA	0	4.2	
1878	6	24	NA	NA	0	4.1399999999999997	
1878	6	25	NA	NA	0	3.16	
1878	6	26	NA	NA	0	2.94	
1878	6	27	NA	NA	0	4.0999999999999996	
1878	6	28	NA	NA	0	4.58	
1878	6	29	NA	NA	0	4.37	
1878	6	30	NA	NA	0	5.1100000000000003	
1878	7	1	NA	NA	0	5.56	
1878	7	2	NA	NA	0	4.7699999999999996	
1878	7	3	NA	NA	0	2.85	
1878	7	4	NA	NA	0	2.77	
1878	7	5	NA	NA	0	2.5499999999999998	
1878	7	6	NA	NA	0	3.02	
1878	7	7	NA	NA	0	3.86	
1878	7	8	NA	NA	0	5.01	
1878	7	9	NA	NA	0	4.5199999999999996	
1878	7	11	NA	NA	0	4.5199999999999996	
1878	7	12	NA	NA	0	3.49	
1878	7	13	NA	NA	0	3.78	
1878	7	14	NA	NA	0	5.77	
1878	7	15	NA	NA	0	8.36	
1878	7	16	NA	NA	0	6.75	
1878	7	17	NA	NA	0	9.44	
1878	7	18	NA	NA	0	6.54	
1878	7	19	NA	NA	0	6.38	
1878	7	21	NA	NA	0	6.14	
1878	7	22	NA	NA	0	7.79	
1878	7	23	NA	NA	0	7.72	
1878	7	24	NA	NA	0	7.53	
1878	7	25	NA	NA	0	4.42	
1878	7	26	NA	NA	0	5.3	
1878	7	27	NA	NA	0	5.66	
1878	7	28	NA	NA	0	5.6	
1878	7	29	NA	NA	0	5.82	
1878	7	30	NA	NA	0	6.35	
1878	8	1	NA	NA	0	9.98	
1878	8	2	NA	NA	0	10.94	
1878	8	3	NA	NA	0	14.19	
1878	8	4	NA	NA	0	8.9	
1878	8	5	NA	NA	0	5.63	
1878	8	6	NA	NA	0	6.46	
1878	8	7	NA	NA	0	6.19	
1878	8	8	NA	NA	0	5.97	
1878	8	9	NA	NA	0	4.54	
1878	8	11	NA	NA	0	2.66	
1878	8	12	NA	NA	0	3.41	
1878	8	13	NA	NA	0	5.35	
1878	8	14	NA	NA	0	4.83	
1878	8	15	NA	NA	0	5.28	
1878	8	16	NA	NA	0	6.61	
1878	8	17	NA	NA	0	7.49	
1878	8	18	NA	NA	0	8	
1878	8	19	NA	NA	0	5.98	
1878	8	21	NA	NA	0	6.78	
1878	8	22	NA	NA	0	7.71	
1878	8	23	NA	NA	0	4.97	
1878	8	24	NA	NA	0	6.58	
1878	8	25	NA	NA	0	5.05	
1878	8	26	NA	NA	0	3.85	
1878	8	27	NA	NA	0	4.5199999999999996	
1878	8	28	NA	NA	0	6.14	
1878	8	29	NA	NA	0	6.07	
1878	8	30	NA	NA	0	6.44	
1878	9	1	NA	NA	0	7.91	
1878	9	2	NA	NA	0	6.2	
1878	9	3	NA	NA	0	6.93	
1878	9	4	NA	NA	0	4.34	
1878	9	5	NA	NA	0	4.76	
1878	9	6	NA	NA	0	5.0199999999999996	
1878	9	7	NA	NA	0	4.7699999999999996	
1878	9	8	NA	NA	0	5.88	
1878	9	9	NA	NA	0	7.19	
1878	9	11	NA	NA	0	5.5	
1878	9	12	NA	NA	0	7.48	
1878	9	13	NA	NA	0	6.68	
1878	9	14	NA	NA	0	5.42	
1878	9	15	NA	NA	0	6.21	
1878	9	16	NA	NA	0	6.96	
1878	9	17	NA	NA	0	7.15	
1878	9	18	NA	NA	0	7.32	
1878	9	19	NA	NA	0	5.07	
1878	9	21	NA	NA	0	4.96	
1878	9	22	NA	NA	0	6.82	
1878	9	23	NA	NA	0	7.22	
1878	9	24	NA	NA	0	7.73	
1878	9	25	NA	NA	0	7.55	
1878	9	26	NA	NA	0	8.0500000000000007	
1878	9	27	NA	NA	0	7.51	
1878	9	28	NA	NA	0	8.86	
1878	9	29	NA	NA	0	10.26	
1878	9	30	NA	NA	0	9.2100000000000009	
1878	10	1	NA	NA	0	8.93	
1878	10	2	NA	NA	0	8.42	
1878	10	3	NA	NA	0	7.34	
1878	10	4	NA	NA	0	7.77	
1878	10	5	NA	NA	0	11.26	
1878	10	6	NA	NA	0	11.28	
1878	10	7	NA	NA	0	10.08	
1878	10	8	NA	NA	0	6.85	
1878	10	9	NA	NA	0	7.04	
1878	10	11	NA	NA	0	6.59	
1878	10	12	NA	NA	0	5.81	
1878	10	13	NA	NA	0	8.36	
1878	10	14	NA	NA	0	9.61	
1878	10	15	NA	NA	0	5.58	
1878	10	16	NA	NA	0	5.41	
1878	10	17	NA	NA	0	7.49	
1878	10	18	NA	NA	0	8.93	
1878	10	19	NA	NA	0	6.49	
1878	10	21	NA	NA	0	6.2	
1878	10	22	NA	NA	0	5.62	
1878	10	23	NA	NA	0	5.49	
1878	10	24	NA	NA	0	6.37	
1878	10	25	NA	NA	0	5.5	
1878	10	26	NA	NA	0	5.61	
1878	10	27	NA	NA	0	6.12	
1878	10	28	NA	NA	0	5.85	
1878	10	29	NA	NA	0	6.77	
1878	10	30	NA	NA	0	8.2100000000000009	
1878	11	1	NA	NA	0	7.36	
1878	11	2	NA	NA	0	6.28	
1878	11	3	NA	NA	0	8.4600000000000009	
1878	11	4	NA	NA	0	9.26	
1878	11	5	NA	NA	0	8.39	
1878	11	6	NA	NA	0	7.64	
1878	11	7	NA	NA	0	8.4	
1878	11	8	NA	NA	0	10.57	
1878	11	9	NA	NA	0	12.12	
1878	11	11	NA	NA	0	11.45	
1878	11	12	NA	NA	0	10.81	
1878	11	13	NA	NA	0	9.7899999999999991	
1878	11	14	NA	NA	0	9.1999999999999993	
1878	11	15	NA	NA	0	10.43	
1878	11	16	NA	NA	0	11.76	
1878	11	17	NA	NA	0	11.59	
1878	11	18	NA	NA	0	12.25	
1878	11	19	NA	NA	0	8.77	
1878	11	21	NA	NA	0	10.24	
1878	11	22	NA	NA	0	9.0399999999999991	
1878	11	23	NA	NA	0	13.23	
1878	11	24	NA	NA	0	12.73	
1878	11	25	NA	NA	0	11.67	
1878	11	26	NA	NA	0	11.49	
1878	11	27	NA	NA	0	12.49	
1878	11	28	NA	NA	0	8.99	
1878	11	29	NA	NA	0	7.92	
1878	11	30	NA	NA	0	7.97	
1878	12	1	NA	NA	0	8.0299999999999994	
1878	12	2	NA	NA	0	6.24	
1878	12	3	NA	NA	0	6.03	
1878	12	4	NA	NA	0	7.33	
1878	12	5	NA	NA	0	6.66	
1878	12	6	NA	NA	0	7.05	
1878	12	7	NA	NA	0	6.83	
1878	12	8	NA	NA	0	7.54	
1878	12	9	NA	NA	0	8.9499999999999993	
1878	12	11	NA	NA	0	8.2799999999999994	
1878	12	12	NA	NA	0	7.93	
1878	12	13	NA	NA	0	11.09	
1878	12	14	NA	NA	0	12.54	
1878	12	15	NA	NA	0	13.47	
1878	12	16	NA	NA	0	7.24	
1878	12	17	NA	NA	0	6.89	
1878	12	18	NA	NA	0	8.4700000000000006	
1878	12	19	NA	NA	0	9.25	
1878	12	21	NA	NA	0	6.71	
1878	12	22	NA	NA	0	7.47	
1878	12	23	NA	NA	0	8.3800000000000008	
1878	12	24	NA	NA	0	7.48	
1878	12	25	NA	NA	0	5.75	
1878	12	26	NA	NA	0	6.58	
1878	12	27	NA	NA	0	6.86	
1878	12	28	NA	NA	0	7.18	
1878	12	29	NA	NA	0	6.86	
1878	12	30	NA	NA	0	7.2	
1879	1	1	NA	NA	0	7.33	
1879	1	2	NA	NA	0	7.41	
1879	1	3	NA	NA	0	7.13	
1879	1	4	NA	NA	0	6.38	
1879	1	5	NA	NA	0	7.2	
1879	1	6	NA	NA	0	9.6199999999999992	
1879	1	7	NA	NA	0	9.7200000000000006	
1879	1	8	NA	NA	0	8.42	
1879	1	9	NA	NA	0	8.6	
1879	1	11	NA	NA	0	7.45	
1879	1	12	NA	NA	0	8.52	
1879	1	13	NA	NA	0	11.94	
1879	1	14	NA	NA	0	9.0399999999999991	
1879	1	15	NA	NA	0	8.75	
1879	1	16	NA	NA	0	7.35	
1879	1	17	NA	NA	0	6.21	
1879	1	18	NA	NA	0	8.75	
1879	1	19	NA	NA	0	9.94	
1879	1	21	NA	NA	0	9.7799999999999994	
1879	1	22	NA	NA	0	10.72	
1879	1	23	NA	NA	0	14.32	
1879	1	24	NA	NA	0	13.39	
1879	1	25	NA	NA	0	14.28	
1879	1	26	NA	NA	0	9.9499999999999993	
1879	1	27	NA	NA	0	8.39	
1879	1	28	NA	NA	0	6.8	
1879	1	29	NA	NA	0	5.81	
1879	1	30	NA	NA	0	6.67	
1879	2	1	NA	NA	0	9.11	
1879	2	2	NA	NA	0	8.56	
1879	2	3	NA	NA	0	8.9700000000000006	
1879	2	4	NA	NA	0	8.6	
1879	2	5	NA	NA	0	7.99	
1879	2	6	NA	NA	0	8.82	
1879	2	7	NA	NA	0	6.87	
1879	2	8	NA	NA	0	9.4700000000000006	
1879	2	9	NA	NA	0	12.95	
1879	2	11	NA	NA	0	9.56	
1879	2	12	NA	NA	0	9.1300000000000008	
1879	2	13	NA	NA	0	10.24	
1879	2	14	NA	NA	0	11.31	
1879	2	15	NA	NA	0	12.12	
1879	2	16	NA	NA	0	11.92	
1879	2	17	NA	NA	0	11.69	
1879	2	18	NA	NA	0	9.08	
1879	2	19	NA	NA	0	8.1199999999999992	
1879	2	21	NA	NA	0	7.95	
1879	2	22	NA	NA	0	10.81	
1879	2	23	NA	NA	0	9.6999999999999993	
1879	2	24	NA	NA	0	10.55	
1879	2	25	NA	NA	0	10.41	
1879	2	26	NA	NA	0	11.03	
1879	2	27	NA	NA	0	11.17	
1879	2	28	NA	NA	0	9.9499999999999993	
1879	3	1	NA	NA	0	11.36	
1879	3	2	NA	NA	0	10.81	
1879	3	3	NA	NA	0	10.06	
1879	3	4	NA	NA	0	12.58	
1879	3	5	NA	NA	0	14.11	
1879	3	6	NA	NA	0	14.02	
1879	3	7	NA	NA	0	12.2	
1879	3	8	NA	NA	0	11.06	
1879	3	9	NA	NA	0	8.57	
1879	3	11	NA	NA	0	11.88	
1879	3	12	NA	NA	0	10.84	
1879	3	13	NA	NA	0	9.6199999999999992	
1879	3	14	NA	NA	0	9.9600000000000009	
1879	3	15	NA	NA	0	11.07	
1879	3	16	NA	NA	0	12.6	
1879	3	17	NA	NA	0	12.05	
1879	3	18	NA	NA	0	9.51	
1879	3	19	NA	NA	0	10.88	
1879	3	21	NA	NA	0	11.15	
1879	3	22	NA	NA	0	13.3	
1879	3	23	NA	NA	0	14.12	
1879	3	24	NA	NA	0	9.89	
1879	3	25	NA	NA	0	9.94	
1879	3	26	NA	NA	0	9.85	
1879	3	27	NA	NA	0	9.26	
1879	3	28	NA	NA	0	7.49	
1879	4	1	NA	NA	0	10.1	
1879	4	2	NA	NA	0	10.199999999999999	
1879	4	3	NA	NA	0	11.27	
1879	4	4	NA	NA	0	8.6199999999999992	
1879	4	5	NA	NA	0	9.4700000000000006	
1879	4	6	NA	NA	0	10.77	
1879	4	7	NA	NA	0	12.41	
1879	4	8	NA	NA	0	7.57	
1879	4	9	NA	NA	0	8.5	
1879	4	11	NA	NA	0	10.1	
1879	4	12	NA	NA	0	11.43	
1879	4	13	NA	NA	0	10.83	
1879	4	14	NA	NA	0	12.21	
1879	4	15	NA	NA	0	12.03	
1879	4	16	NA	NA	0	8.9600000000000009	
1879	4	17	NA	NA	0	8.31	
1879	4	18	NA	NA	0	8.24	
1879	4	19	NA	NA	0	9.02	
1879	4	21	NA	NA	0	9.36	
1879	4	22	NA	NA	0	11.57	
1879	4	23	NA	NA	0	11.62	
1879	4	24	NA	NA	0	10.99	
1879	4	25	NA	NA	0	13.06	
1879	4	26	NA	NA	0	10.5	
1879	4	27	NA	NA	0	7.37	
1879	4	28	NA	NA	0	6.22	
1879	4	29	NA	NA	0	6.27	
1879	4	30	NA	NA	0	6.33	
1879	5	1	NA	NA	0	6.56	
1879	5	2	NA	NA	0	8.7100000000000009	
1879	5	3	NA	NA	0	5.8	
1879	5	4	NA	NA	0	8.34	
1879	5	5	NA	NA	0	8.82	
1879	5	6	NA	NA	0	8.52	
1879	5	7	NA	NA	0	9.36	
1879	5	8	NA	NA	0	9.23	
1879	5	9	NA	NA	0	10.01	
1879	5	11	NA	NA	0	10.17	
1879	5	12	NA	NA	0	5.77	
1879	5	13	NA	NA	0	4.45	
1879	5	14	NA	NA	0	3.9	
1879	5	15	NA	NA	0	5.0199999999999996	
1879	5	16	NA	NA	0	5.86	
1879	5	17	NA	NA	0	9.58	
1879	5	18	NA	NA	0	9.41	
1879	5	19	NA	NA	0	7.55	
1879	5	21	NA	NA	0	11.49	
1879	5	22	NA	NA	0	8.99	
1879	5	23	NA	NA	0	6.4	
1879	5	24	NA	NA	0	6.95	
1879	5	25	NA	NA	0	6.06	
1879	5	26	NA	NA	0	7.37	
1879	5	27	NA	NA	0	7.87	
1879	5	28	NA	NA	0	5.89	
1879	5	29	NA	NA	0	6.41	
1879	5	30	NA	NA	0	6.13	
1879	6	1	NA	NA	0	6.56	
1879	6	2	NA	NA	0	4.8099999999999996	
1879	6	3	NA	NA	0	4.82	
1879	6	4	NA	NA	0	5.2	
1879	6	5	NA	NA	0	4.05	
1879	6	6	NA	NA	0	3.62	
1879	6	7	NA	NA	0	2.91	
1879	6	8	NA	NA	0	3.94	
1879	6	9	NA	NA	0	4.6900000000000004	
1879	6	11	NA	NA	0	6.32	
1879	6	12	NA	NA	0	7.67	
1879	6	13	NA	NA	0	9.2100000000000009	
1879	6	14	NA	NA	0	9.01	
1879	6	15	NA	NA	0	5.42	
1879	6	16	NA	NA	0	7.24	
1879	6	17	NA	NA	0	5.37	
1879	6	18	NA	NA	0	5.12	
1879	6	19	NA	NA	0	6.95	
1879	6	21	NA	NA	0	5.22	
1879	6	22	NA	NA	0	6.96	
1879	6	23	NA	NA	0	6.41	
1879	6	24	NA	NA	0	4.71	
1879	6	25	NA	NA	0	4.1399999999999997	
1879	6	26	NA	NA	0	4.54	
1879	6	27	NA	NA	0	6.14	
1879	6	28	NA	NA	0	6.48	
1879	6	29	NA	NA	0	6.9	
1879	6	30	NA	NA	0	4.01	
1879	7	1	NA	NA	0	4.68	
1879	7	2	NA	NA	0	6.37	
1879	7	3	NA	NA	0	7.68	
1879	7	4	NA	NA	0	6.7	
1879	7	5	NA	NA	0	8.94	
1879	7	6	NA	NA	0	7.51	
1879	7	7	NA	NA	0	6.26	
1879	7	8	NA	NA	0	6.55	
1879	7	9	NA	NA	0	7.51	
1879	7	11	NA	NA	0	5.73	
1879	7	12	NA	NA	0	6.45	
1879	7	13	NA	NA	0	5.42	
1879	7	14	NA	NA	0	4.66	
1879	7	15	NA	NA	0	3.89	
1879	7	16	NA	NA	0	4.57	
1879	7	17	NA	NA	0	5.58	
1879	7	18	NA	NA	0	6.93	
1879	7	19	NA	NA	0	3.96	
1879	7	21	NA	NA	0	5.24	
1879	7	22	NA	NA	0	6.65	
1879	7	23	NA	NA	0	4.03	
1879	7	24	NA	NA	0	3.21	
1879	7	25	NA	NA	0	4.03	
1879	7	26	NA	NA	0	6.91	
1879	7	27	NA	NA	0	3.57	
1879	7	28	NA	NA	0	3.62	
1879	7	29	NA	NA	0	3.73	
1879	7	30	NA	NA	0	3.57	
1879	8	1	NA	NA	0	3.35	
1879	8	2	NA	NA	0	3.81	
1879	8	3	NA	NA	0	6.09	
1879	8	4	NA	NA	0	3.23	
1879	8	5	NA	NA	0	4.12	
1879	8	6	NA	NA	0	4.41	
1879	8	7	NA	NA	0	4.47	
1879	8	8	NA	NA	0	3.86	
1879	8	9	NA	NA	0	4.34	
1879	8	11	NA	NA	0	5.04	
1879	8	12	NA	NA	0	4.6399999999999997	
1879	8	13	NA	NA	0	4.8099999999999996	
1879	8	14	NA	NA	0	6.42	
1879	8	15	NA	NA	0	6.78	
1879	8	16	NA	NA	0	7.29	
1879	8	17	NA	NA	0	4.53	
1879	8	18	NA	NA	0	5.76	
1879	8	19	NA	NA	0	10.16	
1879	8	21	NA	NA	0	8.9499999999999993	
1879	8	22	NA	NA	0	4.3600000000000003	
1879	8	23	NA	NA	0	6.34	
1879	8	24	NA	NA	0	6.8	
1879	8	25	NA	NA	0	5.12	
1879	8	26	NA	NA	0	7.8	
1879	8	27	NA	NA	0	11.03	
1879	8	28	NA	NA	0	11.35	
1879	8	29	NA	NA	0	7.18	
1879	8	30	NA	NA	0	5.66	
1879	9	1	NA	NA	0	6.17	
1879	9	2	NA	NA	0	8.31	
1879	9	3	NA	NA	0	8.1999999999999993	
1879	9	4	NA	NA	0	4.93	
1879	9	5	NA	NA	0	5.95	
1879	9	6	NA	NA	0	5.23	
1879	9	7	NA	NA	0	4.7300000000000004	
1879	9	8	NA	NA	0	5.29	
1879	9	9	NA	NA	0	5.79	
1879	9	11	NA	NA	0	7.3	
1879	9	12	NA	NA	0	6.94	
1879	9	13	NA	NA	0	6.9	
1879	9	14	NA	NA	0	5.39	
1879	9	15	NA	NA	0	5.9	
1879	9	16	NA	NA	0	7.35	
1879	9	17	NA	NA	0	8.0399999999999991	
1879	9	18	NA	NA	0	7.89	
1879	9	19	NA	NA	0	6.37	
1879	9	21	NA	NA	0	6.95	
1879	9	22	NA	NA	0	7.52	
1879	9	23	NA	NA	0	8.99	
1879	9	24	NA	NA	0	8.83	
1879	9	25	NA	NA	0	5.96	
1879	9	26	NA	NA	0	4.97	
1879	9	27	NA	NA	0	6.96	
1879	9	28	NA	NA	0	8.43	
1879	9	29	NA	NA	0	7.84	
1879	9	30	NA	NA	0	8.85	
1879	10	1	NA	NA	0	9.07	
1879	10	2	NA	NA	0	7.77	
1879	10	3	NA	NA	0	7.83	
1879	10	4	NA	NA	0	8.89	
1879	10	5	NA	NA	0	8.77	
1879	10	6	NA	NA	0	6.43	
1879	10	7	NA	NA	0	7	
1879	10	8	NA	NA	0	4.82	
1879	10	9	NA	NA	0	5.9	
1879	10	11	NA	NA	0	6.16	
1879	10	12	NA	NA	0	6.84	
1879	10	13	NA	NA	0	6.91	
1879	10	14	NA	NA	0	7.95	
1879	10	15	NA	NA	0	5.51	
1879	10	16	NA	NA	0	5.33	
1879	10	17	NA	NA	0	5.01	
1879	10	18	NA	NA	0	5.43	
1879	10	19	NA	NA	0	6.99	
1879	10	21	NA	NA	0	9.23	
1879	10	22	NA	NA	0	5.79	
1879	10	23	NA	NA	0	4.5	
1879	10	24	NA	NA	0	6.44	
1879	10	25	NA	NA	0	7.1	
1879	10	26	NA	NA	0	8.1999999999999993	
1879	10	27	NA	NA	0	7.67	
1879	10	28	NA	NA	0	6.37	
1879	10	29	NA	NA	0	6.48	
1879	10	30	NA	NA	0	5.42	
1879	11	1	NA	NA	0	10.09	
1879	11	2	NA	NA	0	7.08	
1879	11	3	NA	NA	0	6.06	
1879	11	4	NA	NA	0	5.76	
1879	11	5	NA	NA	0	4.5999999999999996	
1879	11	6	NA	NA	0	5.87	
1879	11	7	NA	NA	0	7.49	
1879	11	8	NA	NA	0	6.42	
1879	11	9	NA	NA	0	7.11	
1879	11	11	NA	NA	0	7.39	
1879	11	12	NA	NA	0	8.51	
1879	11	13	NA	NA	0	10.31	
1879	11	14	NA	NA	0	10.23	
1879	11	15	NA	NA	0	6.91	
1879	11	16	NA	NA	0	8.06	
1879	11	17	NA	NA	0	13.02	
1879	11	18	NA	NA	0	13.28	
1879	11	19	NA	NA	0	11.76	
1879	11	21	NA	NA	0	8.14	
1879	11	22	NA	NA	0	6.58	
1879	11	23	NA	NA	0	8.07	
1879	11	24	NA	NA	0	7.04	
1879	11	25	NA	NA	0	7.65	
1879	11	26	NA	NA	0	7.38	
1879	11	27	NA	NA	0	8.98	
1879	11	28	NA	NA	0	9.65	
1879	11	29	NA	NA	0	9.86	
1879	11	30	NA	NA	0	8.6	
1879	12	1	NA	NA	0	5.79	
1879	12	2	NA	NA	0	6.06	
1879	12	3	NA	NA	0	6.5	
1879	12	4	NA	NA	0	8.98	
1879	12	5	NA	NA	0	6.02	
1879	12	6	NA	NA	0	7.52	
1879	12	7	NA	NA	0	7.8	
1879	12	8	NA	NA	0	6.42	
1879	12	9	NA	NA	0	10.210000000000001	
1879	12	11	NA	NA	0	8.49	
1879	12	12	NA	NA	0	9.25	
1879	12	13	NA	NA	0	11.21	
1879	12	14	NA	NA	0	8.25	
1879	12	15	NA	NA	0	4.4400000000000004	
1879	12	16	NA	NA	0	5.4	
1879	12	17	NA	NA	0	6.97	
1879	12	18	NA	NA	0	5.46	
1879	12	19	NA	NA	0	5.65	
1879	12	21	NA	NA	0	13.36	
1879	12	22	NA	NA	0	5.38	
1879	12	23	NA	NA	0	7.47	
1879	12	24	NA	NA	0	8.2799999999999994	
1879	12	25	NA	NA	0	7.78	
1879	12	26	NA	NA	0	7.46	
1879	12	27	NA	NA	0	8.4	
1879	12	28	NA	NA	0	7.68	
1879	12	29	NA	NA	0	10.97	
1879	12	30	NA	NA	0	7.87	
